R,G,B,label,label_name
216,99,29,1,orange
247,224,214,6,white
216,34,10,2,red
22,48,235,4,blue
255,225,30,0,yellow
135,35,188,3,violet
31,195,5,5,green
14,36,216,4,blue
7,5,9,7,black
240,212,7,0,yellow
30,159,26,5,green
226,211,235,6,white
220,242,216,6,white
208,108,0,1,orange
235,115,3,1,orange
227,210,12,0,yellow
226,246,245,6,white
233,31,26,2,red
26,180,15,5,green
211,245,215,6,white
112,38,208,3,violet
137,5,180,3,violet
3,38,198,4,blue
41,185,51,5,green
232,91,3,1,orange
234,0,19,2,red
123,8,180,3,violet
219,248,246,6,white
215,27,21,2,red
35,183,12,5,green
134,3,220,3,violet
227,218,30,0,yellow
132,23,204,3,violet
24,27,5,7,black
243,223,14,0,yellow
247,249,249,6,white
211,249,227,6,white
255,229,19,0,yellow
19,55,232,4,blue
122,9,221,3,violet
235,121,5,1,orange
202,32,32,2,red
212,93,34,1,orange
37,179,38,5,green
250,106,0,1,orange
233,10,16,2,red
219,108,0,1,orange
240,243,30,0,yellow
25,22,35,7,black
39,53,230,4,blue
228,110,19,1,orange
13,203,15,5,green
42,157,27,5,green
137,36,196,3,violet
229,238,41,0,yellow
32,191,16,5,green
236,106,12,1,orange
108,41,215,3,violet
32,14,22,7,black
38,31,26,7,black
232,125,17,1,orange
220,14,23,2,red
0,184,44,5,green
241,244,21,0,yellow
116,33,219,3,violet
6,85,226,4,blue
44,179,42,5,green
234,30,26,2,red
5,84,211,4,blue
255,196,33,0,yellow
36,7,15,7,black
193,17,39,2,red
205,121,23,1,orange
249,240,9,0,yellow
247,232,16,0,yellow
144,4,221,3,violet
40,184,16,5,green
211,245,235,6,white
213,4,25,2,red
29,12,8,7,black
230,122,30,1,orange
23,9,36,7,black
247,126,0,1,orange
230,0,10,2,red
12,37,25,7,black
253,126,33,1,orange
18,179,36,5,green
255,212,39,0,yellow
235,9,0,2,red
150,4,217,3,violet
28,59,228,4,blue
0,81,186,4,blue
115,0,201,3,violet
15,184,49,5,green
252,87,27,1,orange
235,226,243,6,white
13,40,207,4,blue
15,5,30,7,black
206,118,20,1,orange
118,36,185,3,violet
38,77,204,4,blue
210,241,223,6,white
4,78,225,4,blue
213,0,21,2,red
233,116,0,1,orange
0,63,196,4,blue
246,246,232,6,white
248,219,15,0,yellow
227,28,15,2,red
230,105,8,1,orange
35,32,17,7,black
124,17,181,3,violet
0,70,230,4,blue
25,77,195,4,blue
190,10,0,2,red
10,169,33,5,green
118,42,187,3,violet
193,22,0,2,red
0,159,21,5,green
243,224,212,6,white
206,106,40,1,orange
123,26,180,3,violet
40,199,30,5,green
247,243,227,6,white
244,228,224,6,white
40,193,47,5,green
220,205,10,0,yellow
223,229,245,6,white
19,37,198,4,blue
238,132,0,1,orange
32,48,214,4,blue
198,0,30,2,red
227,221,37,0,yellow
212,111,18,1,orange
16,8,7,7,black
139,0,217,3,violet
142,7,207,3,violet
216,240,212,6,white
230,197,31,0,yellow
255,229,19,0,yellow
190,39,0,2,red
240,214,42,0,yellow
117,0,222,3,violet
19,32,4,7,black
235,205,20,0,yellow
231,223,244,6,white
254,242,32,0,yellow
255,129,8,1,orange
229,243,216,6,white
249,105,16,1,orange
219,217,223,6,white
221,1,24,2,red
116,8,186,3,violet
33,71,185,4,blue
187,0,23,2,red
245,213,0,0,yellow
205,10,33,2,red
21,58,198,4,blue
8,166,26,5,green
237,227,215,6,white
21,68,212,4,blue
144,11,218,3,violet
213,97,14,1,orange
237,218,22,0,yellow
206,26,32,2,red
220,235,248,6,white
138,43,177,3,violet
6,43,207,4,blue
105,11,182,3,violet
3,175,32,5,green
153,37,203,3,violet
212,100,9,1,orange
18,81,211,4,blue
13,29,7,7,black
253,228,22,0,yellow
255,233,10,0,yellow
219,26,0,2,red
210,121,0,1,orange
0,52,232,4,blue
26,40,193,4,blue
6,85,187,4,blue
30,172,10,5,green
220,242,28,0,yellow
119,1,200,3,violet
110,45,205,3,violet
196,19,22,2,red
6,161,6,5,green
209,114,8,1,orange
223,224,6,0,yellow
40,184,47,5,green
229,244,13,0,yellow
110,37,205,3,violet
0,195,32,5,green
130,35,225,3,violet
214,5,17,2,red
27,59,204,4,blue
255,211,18,0,yellow
242,130,0,1,orange
242,202,13,0,yellow
8,42,212,4,blue
234,9,10,2,red
3,17,10,7,black
218,19,33,2,red
0,158,46,5,green
202,0,34,2,red
140,24,185,3,violet
227,201,1,0,yellow
16,160,28,5,green
30,7,31,7,black
43,177,42,5,green
227,105,0,1,orange
215,9,20,2,red
15,155,45,5,green
40,49,198,4,blue
235,202,0,0,yellow
11,23,20,7,black
19,204,17,5,green
215,113,12,1,orange
15,195,38,5,green
235,20,1,2,red
22,80,234,4,blue
187,0,29,2,red
34,185,40,5,green
200,36,18,2,red
230,135,11,1,orange
237,235,237,6,white
216,121,26,1,orange
255,213,27,0,yellow
40,203,13,5,green
221,221,16,0,yellow
42,204,32,5,green
40,64,221,4,blue
206,15,32,2,red
221,235,14,0,yellow
119,33,225,3,violet
219,210,233,6,white
220,209,23,0,yellow
28,48,205,4,blue
223,199,40,0,yellow
38,19,26,7,black
230,24,8,2,red
7,51,216,4,blue
205,108,2,1,orange
16,77,227,4,blue
216,29,0,2,red
185,22,35,2,red
141,9,208,3,violet
240,224,238,6,white
7,161,39,5,green
12,184,22,5,green
25,17,29,7,black
205,21,31,2,red
31,201,31,5,green
106,30,182,3,violet
32,202,41,5,green
129,38,224,3,violet
32,188,38,5,green
37,24,38,7,black
244,242,239,6,white
20,53,224,4,blue
255,234,44,0,yellow
37,38,23,7,black
40,61,228,4,blue
222,38,0,2,red
0,166,10,5,green
134,26,198,3,violet
253,200,0,0,yellow
29,163,11,5,green
228,0,29,2,red
234,248,240,6,white
117,32,215,3,violet
226,131,35,1,orange
186,36,27,2,red
221,108,4,1,orange
111,23,217,3,violet
18,36,35,7,black
34,5,32,7,black
238,243,20,0,yellow
133,0,198,3,violet
29,37,37,7,black
6,155,14,5,green
255,232,18,0,yellow
24,4,32,7,black
217,38,32,2,red
21,58,227,4,blue
143,31,194,3,violet
150,9,189,3,violet
34,55,187,4,blue
228,221,250,6,white
209,29,33,2,red
22,60,197,4,blue
186,15,29,2,red
232,16,13,2,red
144,43,201,3,violet
34,41,219,4,blue
113,13,221,3,violet
43,180,8,5,green
0,63,199,4,blue
213,21,5,2,red
251,103,0,1,orange
187,37,0,2,red
233,98,16,1,orange
220,31,0,2,red
187,19,32,2,red
24,185,14,5,green
15,41,222,4,blue
31,83,214,4,blue
33,68,231,4,blue
224,25,22,2,red
28,15,4,7,black
235,220,12,0,yellow
220,94,0,1,orange
249,202,24,0,yellow
204,35,0,2,red
236,200,32,0,yellow
0,57,216,4,blue
255,210,37,0,yellow
15,203,19,5,green
239,216,6,0,yellow
196,18,33,2,red
245,211,36,0,yellow
225,228,224,6,white
201,0,23,2,red
233,0,24,2,red
123,7,184,3,violet
2,13,14,7,black
243,246,222,6,white
231,87,30,1,orange
116,0,200,3,violet
14,18,28,7,black
215,0,26,2,red
252,131,16,1,orange
0,53,185,4,blue
33,30,20,7,black
32,50,195,4,blue
9,4,9,7,black
247,204,22,0,yellow
26,13,23,7,black
255,242,5,0,yellow
20,13,30,7,black
214,210,220,6,white
38,37,36,7,black
245,231,221,6,white
119,0,217,3,violet
37,23,17,7,black
26,85,205,4,blue
245,236,246,6,white
231,0,34,2,red
228,92,26,1,orange
219,0,15,2,red
242,246,238,6,white
234,33,37,2,red
31,14,18,7,black
221,239,234,6,white
19,23,21,7,black
235,9,24,2,red
10,30,33,7,black
248,228,34,0,yellow
236,201,0,0,yellow
120,14,193,3,violet
216,250,222,6,white
23,34,6,7,black
234,227,220,6,white
229,93,0,1,orange
186,30,35,2,red
229,195,0,0,yellow
217,242,221,6,white
11,9,26,7,black
219,235,247,6,white
12,8,16,7,black
195,26,28,2,red
221,105,15,1,orange
187,33,28,2,red
208,15,0,2,red
218,213,19,0,yellow
235,0,37,2,red
1,192,55,5,green
214,230,213,6,white
25,9,19,7,black
225,7,16,2,red
30,40,230,4,blue
219,22,4,2,red
228,239,216,6,white
216,22,7,2,red
235,135,0,1,orange
18,204,33,5,green
12,171,45,5,green
45,182,31,5,green
16,57,207,4,blue
128,0,203,3,violet
213,127,0,1,orange
209,131,0,1,orange
238,85,13,1,orange
26,17,32,7,black
255,235,0,0,yellow
225,206,39,0,yellow
255,228,0,0,yellow
217,39,36,2,red
19,53,192,4,blue
200,1,32,2,red
4,205,22,5,green
247,229,223,6,white
240,241,225,6,white
12,181,46,5,green
210,215,243,6,white
233,202,31,0,yellow
149,3,216,3,violet
154,16,222,3,violet
28,42,191,4,blue
113,26,225,3,violet
209,18,10,2,red
0,81,187,4,blue
249,197,34,0,yellow
221,105,36,1,orange
5,164,15,5,green
222,6,0,2,red
110,3,223,3,violet
212,107,12,1,orange
3,55,221,4,blue
217,0,0,2,red
240,242,23,0,yellow
7,55,233,4,blue
255,200,13,0,yellow
250,235,248,6,white
0,176,6,5,green
139,5,225,3,violet
22,38,24,7,black
24,191,38,5,green
143,29,184,3,violet
235,105,1,1,orange
255,226,7,0,yellow
255,227,22,0,yellow
214,108,15,1,orange
20,162,46,5,green
126,10,222,3,violet
198,8,6,2,red
207,9,34,2,red
209,104,35,1,orange
38,69,230,4,blue
245,234,246,6,white
105,0,206,3,violet
35,22,18,7,black
224,224,231,6,white
216,202,18,0,yellow
120,0,182,3,violet
119,33,206,3,violet
206,1,35,2,red
242,91,22,1,orange
197,40,34,2,red
40,44,187,4,blue
26,21,21,7,black
152,42,221,3,violet
215,106,25,1,orange
16,190,15,5,green
154,0,184,3,violet
238,218,224,6,white
235,213,212,6,white
109,19,193,3,violet
235,224,222,6,white
231,210,240,6,white
111,17,205,3,violet
16,32,14,7,black
255,212,31,0,yellow
220,228,18,0,yellow
9,5,36,7,black
229,217,248,6,white
241,224,220,6,white
206,21,15,2,red
246,225,219,6,white
18,199,13,5,green
135,0,198,3,violet
121,37,205,3,violet
39,68,201,4,blue
17,35,225,4,blue
195,27,0,2,red
219,126,4,1,orange
231,219,10,0,yellow
9,199,38,5,green
111,4,220,3,violet
217,234,0,0,yellow
218,0,20,2,red
241,216,15,0,yellow
255,212,10,0,yellow
222,32,20,2,red
17,35,13,7,black
35,202,44,5,green
145,45,192,3,violet
221,0,6,2,red
228,239,243,6,white
0,75,221,4,blue
222,123,24,1,orange
32,19,23,7,black
6,51,186,4,blue
117,40,184,3,violet
134,19,204,3,violet
227,243,245,6,white
21,37,22,7,black
152,24,199,3,violet
228,0,15,2,red
27,7,5,7,black
122,18,220,3,violet
248,112,2,1,orange
128,39,218,3,violet
218,218,13,0,yellow
11,156,43,5,green
16,5,2,7,black
234,231,33,0,yellow
12,5,2,7,black
218,213,33,0,yellow
220,247,245,6,white
0,200,18,5,green
246,240,23,0,yellow
34,47,197,4,blue
0,175,37,5,green
26,159,16,5,green
219,114,8,1,orange
230,231,0,0,yellow
204,13,17,2,red
4,53,195,4,blue
188,31,6,2,red
237,92,33,1,orange
234,211,9,0,yellow
133,0,189,3,violet
224,247,226,6,white
214,244,228,6,white
10,165,41,5,green
216,212,226,6,white
223,235,11,0,yellow
26,30,6,7,black
212,212,226,6,white
108,35,220,3,violet
24,35,195,4,blue
218,230,10,0,yellow
13,46,232,4,blue
143,23,185,3,violet
228,223,23,0,yellow
110,13,207,3,violet
31,3,12,7,black
29,19,7,7,black
223,23,38,2,red
250,215,243,6,white
136,37,197,3,violet
199,4,0,2,red
231,128,21,1,orange
209,107,22,1,orange
27,36,225,4,blue
202,0,39,2,red
33,191,29,5,green
231,234,237,6,white
19,24,10,7,black
0,77,210,4,blue
252,206,44,0,yellow
23,13,16,7,black
234,232,236,6,white
9,7,26,7,black
247,244,34,0,yellow
14,12,36,7,black
45,195,9,5,green
230,218,239,6,white
17,159,25,5,green
2,25,26,7,black
238,200,45,0,yellow
23,81,232,4,blue
22,16,32,7,black
33,8,28,7,black
242,216,12,0,yellow
244,86,33,1,orange
22,25,38,7,black
31,36,224,4,blue
11,38,221,4,blue
20,42,207,4,blue
250,102,0,1,orange
202,2,11,2,red
255,197,22,0,yellow
226,0,0,2,red
33,186,32,5,green
218,210,212,6,white
250,213,228,6,white
1,203,7,5,green
137,11,197,3,violet
14,81,212,4,blue
118,0,215,3,violet
246,208,17,0,yellow
11,46,228,4,blue
21,8,16,7,black
152,29,191,3,violet
235,234,246,6,white
235,120,38,1,orange
24,187,46,5,green
0,181,9,5,green
129,3,182,3,violet
224,12,9,2,red
9,204,6,5,green
135,22,176,3,violet
0,66,200,4,blue
211,127,23,1,orange
148,19,197,3,violet
196,14,13,2,red
6,27,16,7,black
148,0,219,3,violet
0,66,225,4,blue
251,111,28,1,orange
145,42,189,3,violet
31,30,6,7,black
234,124,28,1,orange
146,27,177,3,violet
191,17,12,2,red
191,3,0,2,red
21,39,221,4,blue
226,230,0,0,yellow
221,131,30,1,orange
247,217,219,6,white
7,11,10,7,black
7,175,21,5,green
109,37,223,3,violet
252,94,16,1,orange
0,35,186,4,blue
219,204,43,0,yellow
0,67,213,4,blue
24,62,218,4,blue
118,14,202,3,violet
235,6,4,2,red
34,78,191,4,blue
147,25,219,3,violet
216,197,15,0,yellow
20,75,220,4,blue
1,54,199,4,blue
246,249,237,6,white
2,195,34,5,green
229,226,9,0,yellow
233,123,20,1,orange
209,17,3,2,red
41,196,25,5,green
154,38,192,3,violet
152,0,224,3,violet
223,223,233,6,white
248,211,30,0,yellow
12,36,223,4,blue
29,30,14,7,black
0,74,208,4,blue
221,114,0,1,orange
34,165,27,5,green
244,123,33,1,orange
0,48,193,4,blue
40,202,25,5,green
210,1,35,2,red
35,167,26,5,green
2,184,6,5,green
211,98,22,1,orange
245,232,235,6,white
221,0,17,2,red
250,243,221,6,white
0,176,33,5,green
22,164,21,5,green
28,52,187,4,blue
223,134,34,1,orange
255,222,17,0,yellow
250,218,2,0,yellow
26,76,191,4,blue
10,42,190,4,blue
233,232,246,6,white
220,218,231,6,white
255,230,29,0,yellow
211,95,18,1,orange
112,13,180,3,violet
249,117,0,1,orange
3,61,188,4,blue
39,59,206,4,blue
124,24,193,3,violet
106,5,193,3,violet
19,188,31,5,green
16,19,13,7,black
27,26,10,7,black
187,39,0,2,red
202,0,38,2,red
4,181,7,5,green
115,6,198,3,violet
229,228,235,6,white
144,23,186,3,violet
0,183,35,5,green
216,0,28,2,red
236,109,12,1,orange
5,13,9,7,black
212,101,32,1,orange
136,28,204,3,violet
215,20,0,2,red
219,89,2,1,orange
36,175,30,5,green
117,35,212,3,violet
116,0,192,3,violet
3,5,16,7,black
0,194,19,5,green
113,27,212,3,violet
223,212,34,0,yellow
10,4,27,7,black
10,43,199,4,blue
231,88,0,1,orange
220,114,13,1,orange
13,37,15,7,black
13,172,10,5,green
233,0,32,2,red
187,20,36,2,red
225,113,7,1,orange
215,108,0,1,orange
26,13,27,7,black
26,43,219,4,blue
26,177,51,5,green
13,175,13,5,green
215,243,228,6,white
185,11,34,2,red
222,218,22,0,yellow
227,216,210,6,white
231,129,25,1,orange
16,59,205,4,blue
0,38,226,4,blue
229,32,40,2,red
208,0,38,2,red
244,237,28,0,yellow
214,220,219,6,white
8,162,45,5,green
234,19,20,2,red
231,5,35,2,red
209,85,6,1,orange
232,128,0,1,orange
244,124,5,1,orange
234,245,9,0,yellow
235,123,17,1,orange
154,15,201,3,violet
2,75,187,4,blue
247,223,235,6,white
0,40,197,4,blue
231,211,245,6,white
5,26,33,7,black
3,161,55,5,green
40,166,35,5,green
37,166,28,5,green
26,13,38,7,black
23,48,208,4,blue
26,6,23,7,black
245,249,246,6,white
112,12,178,3,violet
232,102,13,1,orange
38,194,29,5,green
220,37,25,2,red
32,167,20,5,green
6,196,41,5,green
38,7,14,7,black
1,63,187,4,blue
132,5,202,3,violet
228,219,237,6,white
217,223,31,0,yellow
41,175,33,5,green
134,18,187,3,violet
246,221,211,6,white
12,37,19,7,black
25,5,15,7,black
230,107,12,1,orange
29,21,6,7,black
244,231,241,6,white
247,108,35,1,orange
255,228,14,0,yellow
207,121,31,1,orange
41,165,51,5,green
33,9,34,7,black
235,224,212,6,white
248,109,0,1,orange
43,157,8,5,green
219,235,250,6,white
45,195,41,5,green
239,226,20,0,yellow
217,241,45,0,yellow
113,0,186,3,violet
200,21,14,2,red
245,215,231,6,white
129,8,200,3,violet
11,166,27,5,green
226,226,231,6,white
10,8,34,7,black
228,15,10,2,red
235,92,9,1,orange
230,110,27,1,orange
213,37,2,2,red
248,195,37,0,yellow
218,3,35,2,red
123,13,219,3,violet
10,159,44,5,green
0,38,205,4,blue
33,31,20,7,black
219,90,8,1,orange
239,108,24,1,orange
11,78,205,4,blue
208,12,37,2,red
246,233,29,0,yellow
221,243,35,0,yellow
236,218,233,6,white
186,8,16,2,red
24,68,187,4,blue
239,235,18,0,yellow
117,2,187,3,violet
194,28,0,2,red
252,116,38,1,orange
239,213,238,6,white
241,132,39,1,orange
4,174,26,5,green
215,242,247,6,white
240,221,231,6,white
28,29,17,7,black
227,99,3,1,orange
250,214,37,0,yellow
215,216,248,6,white
186,10,14,2,red
243,229,25,0,yellow
255,232,37,0,yellow
13,172,40,5,green
185,0,6,2,red
123,17,225,3,violet
12,35,17,7,black
14,50,221,4,blue
2,71,207,4,blue
232,9,33,2,red
142,3,191,3,violet
255,206,44,0,yellow
240,86,36,1,orange
34,199,9,5,green
0,178,6,5,green
20,201,54,5,green
222,118,0,1,orange
222,223,238,6,white
130,14,217,3,violet
0,48,232,4,blue
16,203,34,5,green
10,41,207,4,blue
226,9,21,2,red
2,201,33,5,green
206,7,7,2,red
226,9,0,2,red
227,225,237,6,white
211,93,38,1,orange
239,224,32,0,yellow
124,0,177,3,violet
195,29,0,2,red
217,249,212,6,white
34,22,18,7,black
212,7,0,2,red
236,246,231,6,white
31,166,33,5,green
194,9,29,2,red
209,35,23,2,red
230,226,32,0,yellow
18,67,222,4,blue
255,209,33,0,yellow
221,123,9,1,orange
36,54,208,4,blue
212,216,237,6,white
7,71,224,4,blue
149,15,208,3,violet
243,244,236,6,white
18,171,32,5,green
209,86,0,1,orange
146,0,185,3,violet
38,172,53,5,green
228,123,35,1,orange
5,39,219,4,blue
207,96,28,1,orange
217,232,18,0,yellow
239,219,37,0,yellow
7,60,209,4,blue
230,213,239,6,white
231,216,12,0,yellow
4,42,188,4,blue
222,223,219,6,white
142,22,207,3,violet
243,123,10,1,orange
228,120,25,1,orange
14,45,221,4,blue
29,32,32,7,black
251,197,43,0,yellow
0,46,217,4,blue
148,10,209,3,violet
223,235,1,0,yellow
124,34,214,3,violet
236,240,243,6,white
220,213,240,6,white
208,109,23,1,orange
36,16,23,7,black
20,53,229,4,blue
13,65,221,4,blue
25,205,22,5,green
27,67,190,4,blue
25,164,22,5,green
24,51,224,4,blue
239,244,231,6,white
218,87,0,1,orange
112,12,179,3,violet
213,236,249,6,white
14,4,17,7,black
195,10,0,2,red
10,178,14,5,green
235,135,26,1,orange
27,4,16,7,black
122,44,182,3,violet
232,234,217,6,white
221,249,238,6,white
37,79,212,4,blue
11,200,55,5,green
250,214,240,6,white
24,15,17,7,black
237,231,211,6,white
111,10,223,3,violet
122,40,211,3,violet
213,222,243,6,white
140,0,202,3,violet
26,62,200,4,blue
242,117,0,1,orange
26,171,43,5,green
208,95,26,1,orange
39,84,220,4,blue
224,246,227,6,white
222,119,40,1,orange
0,63,185,4,blue
218,220,41,0,yellow
250,214,223,6,white
35,18,16,7,black
2,32,18,7,black
251,238,43,0,yellow
244,236,0,0,yellow
121,19,182,3,violet
221,0,7,2,red
246,85,0,1,orange
235,246,219,6,white
205,0,39,2,red
212,217,223,6,white
231,219,212,6,white
115,30,187,3,violet
112,34,189,3,violet
121,10,181,3,violet
217,246,210,6,white
127,42,218,3,violet
18,178,20,5,green
200,36,33,2,red
221,0,18,2,red
227,211,241,6,white
17,15,20,7,black
154,33,206,3,violet
0,201,43,5,green
220,223,214,6,white
249,125,10,1,orange
0,177,43,5,green
3,27,32,7,black
26,41,193,4,blue
138,21,216,3,violet
20,186,53,5,green
6,5,24,7,black
42,167,18,5,green
9,170,8,5,green
29,59,216,4,blue
233,200,43,0,yellow
226,211,0,0,yellow
18,191,35,5,green
231,110,14,1,orange
255,225,24,0,yellow
186,21,0,2,red
21,179,49,5,green
31,172,53,5,green
249,242,28,0,yellow
226,208,16,0,yellow
16,10,11,7,black
228,13,1,2,red
223,239,218,6,white
2,169,7,5,green
216,215,1,0,yellow
12,40,189,4,blue
186,15,21,2,red
116,26,221,3,violet
4,190,25,5,green
45,165,15,5,green
114,6,191,3,violet
28,31,17,7,black
23,162,29,5,green
212,90,0,1,orange
10,172,43,5,green
215,213,234,6,white
44,164,41,5,green
10,72,222,4,blue
29,203,47,5,green
255,210,14,0,yellow
16,175,47,5,green
187,17,0,2,red
227,213,217,6,white
219,227,242,6,white
206,24,34,2,red
36,199,9,5,green
27,200,35,5,green
6,159,53,5,green
42,178,9,5,green
234,229,236,6,white
7,20,5,7,black
225,123,0,1,orange
187,32,10,2,red
0,37,206,4,blue
3,8,7,7,black
35,179,40,5,green
0,75,186,4,blue
222,224,0,0,yellow
26,161,25,5,green
152,20,185,3,violet
23,18,22,7,black
29,19,3,7,black
25,185,27,5,green
207,90,0,1,orange
127,42,202,3,violet
244,125,9,1,orange
25,31,6,7,black
37,13,7,7,black
21,14,18,7,black
218,11,33,2,red
241,249,244,6,white
213,125,9,1,orange
4,189,5,5,green
9,200,25,5,green
241,131,26,1,orange
255,205,26,0,yellow
234,126,25,1,orange
125,38,203,3,violet
213,226,210,6,white
226,30,0,2,red
255,119,15,1,orange
205,25,24,2,red
119,31,224,3,violet
107,26,176,3,violet
228,228,226,6,white
26,202,43,5,green
2,190,50,5,green
224,0,8,2,red
113,0,213,3,violet
236,210,243,6,white
226,0,0,2,red
245,245,11,0,yellow
234,10,0,2,red
28,37,31,7,black
0,72,204,4,blue
2,69,200,4,blue
0,178,30,5,green
36,185,41,5,green
255,226,23,0,yellow
250,243,10,0,yellow
216,0,30,2,red
216,35,18,2,red
132,36,218,3,violet
225,221,26,0,yellow
15,63,212,4,blue
214,92,38,1,orange
128,3,195,3,violet
39,73,185,4,blue
14,159,28,5,green
105,0,192,3,violet
208,0,0,2,red
22,205,48,5,green
219,228,227,6,white
140,36,225,3,violet
33,204,53,5,green
246,249,250,6,white
233,114,6,1,orange
108,0,222,3,violet
224,222,6,0,yellow
21,55,226,4,blue
118,9,193,3,violet
5,18,7,7,black
245,135,20,1,orange
211,5,1,2,red
28,164,52,5,green
197,29,15,2,red
255,196,0,0,yellow
0,65,191,4,blue
255,242,10,0,yellow
6,2,4,7,black
202,0,11,2,red
186,19,30,2,red
255,211,32,0,yellow
254,198,38,0,yellow
128,18,217,3,violet
0,42,214,4,blue
239,248,226,6,white
10,166,35,5,green
129,22,195,3,violet
40,85,207,4,blue
193,23,8,2,red
21,7,37,7,black
224,237,238,6,white
40,47,219,4,blue
212,115,33,1,orange
223,128,6,1,orange
119,1,182,3,violet
6,25,20,7,black
34,3,8,7,black
130,0,196,3,violet
44,178,49,5,green
236,248,249,6,white
11,9,37,7,black
230,25,34,2,red
11,15,15,7,black
26,15,22,7,black
36,37,191,4,blue
30,80,188,4,blue
16,78,233,4,blue
4,48,228,4,blue
40,189,12,5,green
143,15,194,3,violet
213,8,30,2,red
210,135,28,1,orange
117,43,202,3,violet
247,236,16,0,yellow
15,9,20,7,black
205,117,32,1,orange
38,23,23,7,black
7,200,43,5,green
244,128,18,1,orange
27,35,7,7,black
236,129,33,1,orange
190,25,38,2,red
27,175,38,5,green
135,40,206,3,violet
219,221,228,6,white
246,248,214,6,white
211,215,230,6,white
234,14,5,2,red
197,0,9,2,red
218,221,212,6,white
26,8,3,7,black
33,21,32,7,black
23,48,227,4,blue
255,214,38,0,yellow
231,239,246,6,white
231,246,216,6,white
8,4,33,7,black
21,189,33,5,green
26,9,2,7,black
199,16,5,2,red
226,26,2,2,red
32,68,218,4,blue
217,225,234,6,white
8,13,18,7,black
198,0,0,2,red
255,226,20,0,yellow
220,228,226,6,white
221,36,33,2,red
216,206,42,0,yellow
35,8,19,7,black
107,38,209,3,violet
136,15,192,3,violet
13,156,19,5,green
27,23,24,7,black
120,33,212,3,violet
219,239,241,6,white
5,77,212,4,blue
232,238,250,6,white
250,92,38,1,orange
19,8,17,7,black
219,121,14,1,orange
223,121,40,1,orange
32,17,11,7,black
145,5,180,3,violet
210,231,244,6,white
201,30,33,2,red
243,248,233,6,white
196,0,0,2,red
15,15,2,7,black
239,219,219,6,white
233,236,0,0,yellow
230,201,4,0,yellow
24,172,41,5,green
136,25,176,3,violet
255,237,7,0,yellow
0,62,207,4,blue
195,24,28,2,red
250,218,43,0,yellow
16,60,185,4,blue
150,27,177,3,violet
228,226,225,6,white
248,223,233,6,white
7,13,16,7,black
0,76,226,4,blue
228,24,0,2,red
11,168,37,5,green
19,174,6,5,green
39,44,186,4,blue
15,21,2,7,black
2,27,20,7,black
35,175,23,5,green
220,222,1,0,yellow
190,26,15,2,red
225,250,218,6,white
33,72,227,4,blue
144,43,182,3,violet
219,239,4,0,yellow
236,217,228,6,white
252,198,17,0,yellow
131,20,218,3,violet
234,220,235,6,white
204,35,14,2,red
30,160,33,5,green
255,215,7,0,yellow
248,219,210,6,white
213,250,219,6,white
216,218,14,0,yellow
40,173,24,5,green
8,174,37,5,green
230,133,3,1,orange
222,117,33,1,orange
220,225,17,0,yellow
22,191,30,5,green
255,201,23,0,yellow
16,172,39,5,green
109,0,201,3,violet
232,110,0,1,orange
222,96,0,1,orange
255,201,44,0,yellow
219,213,45,0,yellow
224,212,4,0,yellow
130,44,187,3,violet
209,32,21,2,red
232,0,35,2,red
227,16,17,2,red
236,244,4,0,yellow
225,223,223,6,white
205,100,0,1,orange
17,201,21,5,green
249,234,222,6,white
154,4,184,3,violet
0,66,228,4,blue
246,243,242,6,white
244,222,210,6,white
0,53,186,4,blue
236,216,231,6,white
119,20,196,3,violet
0,64,203,4,blue
226,234,31,0,yellow
226,243,236,6,white
207,114,0,1,orange
226,197,10,0,yellow
4,3,28,7,black
225,239,14,0,yellow
32,14,21,7,black
133,21,224,3,violet
42,202,24,5,green
152,0,199,3,violet
249,233,240,6,white
18,22,25,7,black
250,248,211,6,white
15,67,197,4,blue
241,235,245,6,white
0,45,197,4,blue
145,2,188,3,violet
222,225,241,6,white
13,75,189,4,blue
255,110,20,1,orange
229,203,4,0,yellow
233,250,224,6,white
242,116,39,1,orange
142,22,184,3,violet
116,0,210,3,violet
218,236,25,0,yellow
233,24,0,2,red
227,218,38,0,yellow
208,27,5,2,red
220,124,33,1,orange
255,211,44,0,yellow
255,231,21,0,yellow
125,36,225,3,violet
212,211,217,6,white
234,125,32,1,orange
255,203,0,0,yellow
0,174,21,5,green
217,237,16,0,yellow
5,68,202,4,blue
236,209,16,0,yellow
214,98,34,1,orange
45,180,7,5,green
220,0,33,2,red
16,36,37,7,black
188,30,6,2,red
233,240,0,0,yellow
187,11,0,2,red
255,114,0,1,orange
237,121,23,1,orange
206,7,0,2,red
1,156,30,5,green
188,30,20,2,red
4,180,28,5,green
0,36,234,4,blue
137,13,177,3,violet
227,231,242,6,white
0,83,193,4,blue
110,30,191,3,violet
118,32,197,3,violet
17,198,27,5,green
221,0,22,2,red
35,185,48,5,green
218,39,21,2,red
40,167,25,5,green
249,110,0,1,orange
8,12,34,7,black
15,189,27,5,green
0,44,225,4,blue
247,218,229,6,white
229,220,243,6,white
244,221,211,6,white
133,2,205,3,violet
31,77,197,4,blue
249,238,227,6,white
188,34,23,2,red
35,45,222,4,blue
253,223,21,0,yellow
217,210,225,6,white
236,234,39,0,yellow
234,0,14,2,red
0,80,234,4,blue
9,7,32,7,black
218,235,247,6,white
132,29,176,3,violet
142,30,208,3,violet
219,128,24,1,orange
36,62,199,4,blue
30,31,31,7,black
230,210,0,0,yellow
13,73,225,4,blue
210,89,0,1,orange
109,40,225,3,violet
255,244,41,0,yellow
241,134,3,1,orange
9,37,16,7,black
203,26,5,2,red
245,241,248,6,white
213,230,247,6,white
145,0,194,3,violet
30,187,24,5,green
38,19,33,7,black
222,0,26,2,red
226,113,11,1,orange
241,230,218,6,white
0,76,188,4,blue
130,19,185,3,violet
143,1,186,3,violet
16,14,34,7,black
229,215,225,6,white
35,63,211,4,blue
105,1,202,3,violet
191,0,0,2,red
244,216,5,0,yellow
137,33,217,3,violet
32,2,10,7,black
193,2,1,2,red
43,181,5,5,green
254,128,27,1,orange
27,36,191,4,blue
28,24,17,7,black
215,116,8,1,orange
205,106,12,1,orange
13,31,6,7,black
107,12,187,3,violet
209,36,40,2,red
236,224,20,0,yellow
36,61,186,4,blue
220,227,36,0,yellow
10,13,30,7,black
240,236,0,0,yellow
238,238,248,6,white
241,245,225,6,white
250,105,23,1,orange
217,126,18,1,orange
214,96,0,1,orange
225,211,222,6,white
13,35,34,7,black
0,57,193,4,blue
240,229,25,0,yellow
195,0,9,2,red
35,82,207,4,blue
116,0,182,3,violet
130,44,185,3,violet
1,186,17,5,green
118,37,182,3,violet
225,236,226,6,white
231,210,246,6,white
18,174,9,5,green
227,247,222,6,white
194,0,32,2,red
139,20,202,3,violet
219,214,219,6,white
2,204,9,5,green
3,45,185,4,blue
230,217,239,6,white
244,244,236,6,white
254,96,30,1,orange
39,198,18,5,green
224,230,41,0,yellow
150,38,204,3,violet
237,225,228,6,white
255,217,0,0,yellow
0,64,233,4,blue
250,246,211,6,white
246,103,21,1,orange
223,17,29,2,red
234,219,227,6,white
13,201,48,5,green
0,203,31,5,green
12,72,224,4,blue
37,164,33,5,green
215,22,0,2,red
22,205,29,5,green
0,57,190,4,blue
222,227,213,6,white
37,199,19,5,green
17,200,41,5,green
34,9,25,7,black
202,22,33,2,red
11,63,216,4,blue
245,243,218,6,white
3,56,232,4,blue
211,96,0,1,orange
105,0,197,3,violet
251,232,0,0,yellow
0,169,25,5,green
235,202,42,0,yellow
0,172,40,5,green
132,27,182,3,violet
34,193,9,5,green
18,196,24,5,green
7,25,34,7,black
229,225,234,6,white
244,246,216,6,white
231,220,240,6,white
240,88,0,1,orange
255,238,0,0,yellow
253,204,0,0,yellow
218,233,242,6,white
27,178,48,5,green
224,91,3,1,orange
212,216,213,6,white
228,129,24,1,orange
0,73,219,4,blue
31,29,26,7,black
231,106,36,1,orange
16,3,16,7,black
223,237,39,0,yellow
113,0,187,3,violet
243,237,223,6,white
252,239,0,0,yellow
31,167,49,5,green
27,14,23,7,black
21,28,22,7,black
33,172,36,5,green
19,23,14,7,black
203,25,36,2,red
148,10,178,3,violet
10,6,31,7,black
219,0,38,2,red
217,245,243,6,white
194,31,26,2,red
254,213,43,0,yellow
222,249,223,6,white
0,68,213,4,blue
224,244,237,6,white
230,125,1,1,orange
249,228,221,6,white
11,166,51,5,green
239,111,38,1,orange
40,68,204,4,blue
213,235,218,6,white
10,14,4,7,black
204,27,0,2,red
188,9,26,2,red
211,0,34,2,red
218,225,242,6,white
124,21,218,3,violet
234,220,246,6,white
232,9,36,2,red
233,222,39,0,yellow
199,14,22,2,red
22,8,27,7,black
133,15,182,3,violet
254,125,29,1,orange
229,0,34,2,red
22,4,23,7,black
193,31,16,2,red
36,17,27,7,black
28,52,232,4,blue
213,121,14,1,orange
36,166,48,5,green
146,10,202,3,violet
243,243,0,0,yellow
187,27,1,2,red
215,246,246,6,white
40,164,28,5,green
2,62,222,4,blue
21,18,23,7,black
16,74,228,4,blue
112,28,192,3,violet
11,176,23,5,green
35,56,207,4,blue
9,35,32,7,black
229,3,29,2,red
118,26,201,3,violet
191,15,35,2,red
24,11,30,7,black
225,216,235,6,white
240,120,0,1,orange
211,224,238,6,white
44,196,17,5,green
12,60,190,4,blue
220,37,19,2,red
38,67,194,4,blue
128,35,220,3,violet
12,14,16,7,black
105,22,218,3,violet
198,31,32,2,red
255,238,22,0,yellow
192,1,10,2,red
235,214,27,0,yellow
243,129,2,1,orange
113,6,187,3,violet
31,199,39,5,green
244,210,8,0,yellow
27,8,24,7,black
233,213,243,6,white
33,34,38,7,black
251,209,29,0,yellow
19,66,226,4,blue
111,0,204,3,violet
234,245,12,0,yellow
255,196,10,0,yellow
17,55,205,4,blue
12,161,54,5,green
20,59,203,4,blue
231,207,6,0,yellow
233,215,42,0,yellow
210,37,0,2,red
35,166,26,5,green
24,71,187,4,blue
255,208,39,0,yellow
36,84,235,4,blue
35,176,11,5,green
219,214,228,6,white
238,135,16,1,orange
234,0,10,2,red
192,40,38,2,red
17,59,203,4,blue
14,168,19,5,green
26,70,197,4,blue
216,247,210,6,white
0,195,49,5,green
253,204,38,0,yellow
25,190,43,5,green
238,220,15,0,yellow
8,49,218,4,blue
191,0,40,2,red
16,24,16,7,black
246,231,217,6,white
210,126,24,1,orange
21,85,225,4,blue
33,157,53,5,green
209,23,33,2,red
249,222,210,6,white
125,38,196,3,violet
207,25,30,2,red
228,235,220,6,white
234,131,23,1,orange
129,36,225,3,violet
214,215,222,6,white
13,84,211,4,blue
224,250,227,6,white
36,52,190,4,blue
210,247,236,6,white
226,224,29,0,yellow
235,211,214,6,white
193,9,0,2,red
40,36,211,4,blue
143,42,175,3,violet
254,118,26,1,orange
0,175,37,5,green
137,2,203,3,violet
149,29,194,3,violet
250,232,211,6,white
145,14,180,3,violet
248,107,33,1,orange
212,102,39,1,orange
247,224,26,0,yellow
255,198,33,0,yellow
216,34,34,2,red
12,6,24,7,black
132,40,179,3,violet
4,47,232,4,blue
253,124,23,1,orange
40,186,40,5,green
151,9,213,3,violet
17,75,203,4,blue
253,122,24,1,orange
6,46,188,4,blue
235,220,39,0,yellow
214,228,228,6,white
125,19,224,3,violet
223,246,247,6,white
0,175,19,5,green
220,215,244,6,white
110,42,213,3,violet
24,194,21,5,green
246,118,8,1,orange
255,216,2,0,yellow
146,8,209,3,violet
225,212,23,0,yellow
31,33,12,7,black
244,230,3,0,yellow
241,236,25,0,yellow
231,26,29,2,red
11,38,192,4,blue
254,235,0,0,yellow
217,93,11,1,orange
234,201,32,0,yellow
19,30,20,7,black
209,2,2,2,red
18,36,31,7,black
25,31,26,7,black
36,16,12,7,black
124,10,222,3,violet
217,25,26,2,red
221,119,36,1,orange
220,101,32,1,orange
229,110,29,1,orange
36,18,13,7,black
210,220,233,6,white
248,222,225,6,white
12,27,6,7,black
133,37,203,3,violet
235,108,14,1,orange
231,212,228,6,white
245,231,217,6,white
231,0,8,2,red
7,33,35,7,black
248,104,28,1,orange
149,41,221,3,violet
5,16,19,7,black
110,0,202,3,violet
14,183,32,5,green
30,15,21,7,black
34,158,5,5,green
5,176,45,5,green
2,193,26,5,green
155,6,200,3,violet
230,223,225,6,white
234,0,23,2,red
242,246,236,6,white
239,97,36,1,orange
0,73,201,4,blue
33,7,30,7,black
225,0,35,2,red
205,0,0,2,red
231,221,241,6,white
206,117,30,1,orange
130,2,192,3,violet
7,36,215,4,blue
232,221,234,6,white
212,86,11,1,orange
37,23,8,7,black
247,243,240,6,white
211,8,17,2,red
245,237,2,0,yellow
190,19,30,2,red
220,4,0,2,red
26,11,34,7,black
189,36,10,2,red
0,180,45,5,green
31,37,5,7,black
205,88,39,1,orange
15,46,223,4,blue
114,43,223,3,violet
32,23,16,7,black
119,6,179,3,violet
225,210,230,6,white
212,87,0,1,orange
232,199,44,0,yellow
219,239,0,0,yellow
33,27,21,7,black
215,101,1,1,orange
37,171,27,5,green
239,242,236,6,white
122,35,209,3,violet
233,17,0,2,red
29,70,205,4,blue
24,67,200,4,blue
220,242,241,6,white
15,36,25,7,black
15,34,26,7,black
251,85,0,1,orange
26,168,41,5,green
9,197,10,5,green
117,38,217,3,violet
209,103,32,1,orange
215,0,0,2,red
231,240,212,6,white
32,163,25,5,green
36,16,22,7,black
236,127,6,1,orange
233,211,41,0,yellow
223,0,0,2,red
31,16,8,7,black
39,60,197,4,blue
255,234,9,0,yellow
246,208,29,0,yellow
244,122,0,1,orange
0,59,233,4,blue
122,3,221,3,violet
115,2,183,3,violet
247,233,0,0,yellow
125,30,215,3,violet
228,122,31,1,orange
216,38,0,2,red
130,8,194,3,violet
40,68,205,4,blue
20,183,18,5,green
246,120,14,1,orange
18,186,24,5,green
223,125,35,1,orange
246,127,19,1,orange
253,130,40,1,orange
9,199,10,5,green
242,101,0,1,orange
132,39,209,3,violet
153,20,200,3,violet
153,44,200,3,violet
210,226,250,6,white
247,220,38,0,yellow
231,26,14,2,red
244,88,0,1,orange
22,2,15,7,black
140,0,198,3,violet
209,118,6,1,orange
15,194,53,5,green
45,197,17,5,green
7,185,17,5,green
16,190,7,5,green
215,212,232,6,white
195,0,8,2,red
38,27,12,7,black
225,0,3,2,red
0,42,213,4,blue
138,34,184,3,violet
246,90,2,1,orange
247,125,28,1,orange
242,122,6,1,orange
39,200,36,5,green
221,228,222,6,white
124,32,209,3,violet
9,167,36,5,green
23,67,233,4,blue
207,87,31,1,orange
213,104,10,1,orange
223,0,33,2,red
214,123,0,1,orange
238,217,240,6,white
12,155,24,5,green
255,220,3,0,yellow
254,95,26,1,orange
205,19,21,2,red
213,24,0,2,red
240,220,220,6,white
133,42,192,3,violet
222,240,227,6,white
248,126,17,1,orange
215,87,25,1,orange
111,45,176,3,violet
222,101,31,1,orange
116,8,220,3,violet
231,211,212,6,white
217,225,9,0,yellow
44,197,29,5,green
217,116,24,1,orange
244,233,213,6,white
251,113,24,1,orange
0,180,45,5,green
34,39,209,4,blue
208,115,23,1,orange
213,96,36,1,orange
221,132,34,1,orange
218,235,230,6,white
235,25,29,2,red
196,39,35,2,red
236,212,223,6,white
8,31,34,7,black
5,35,187,4,blue
223,234,29,0,yellow
33,20,4,7,black
152,8,205,3,violet
226,241,235,6,white
29,205,12,5,green
120,25,222,3,violet
192,0,10,2,red
190,13,24,2,red
255,216,38,0,yellow
204,3,23,2,red
2,13,16,7,black
251,220,40,0,yellow
252,239,35,0,yellow
233,131,34,1,orange
12,163,30,5,green
0,202,9,5,green
16,78,200,4,blue
225,239,249,6,white
250,231,18,0,yellow
139,6,200,3,violet
212,116,37,1,orange
253,242,40,0,yellow
251,131,24,1,orange
22,74,205,4,blue
0,58,224,4,blue
130,19,214,3,violet
19,27,26,7,black
120,18,217,3,violet
105,17,220,3,violet
218,230,237,6,white
255,236,0,0,yellow
213,116,0,1,orange
12,15,38,7,black
216,127,26,1,orange
21,36,34,7,black
235,237,13,0,yellow
25,199,22,5,green
229,225,240,6,white
5,2,12,7,black
219,215,220,6,white
126,0,212,3,violet
194,39,19,2,red
36,190,19,5,green
24,173,15,5,green
155,37,217,3,violet
228,101,0,1,orange
30,176,41,5,green
9,7,25,7,black
35,174,18,5,green
37,12,28,7,black
25,40,207,4,blue
203,31,14,2,red
211,11,0,2,red
18,177,26,5,green
224,98,37,1,orange
35,9,5,7,black
30,11,32,7,black
203,14,29,2,red
15,8,3,7,black
241,250,240,6,white
18,68,193,4,blue
2,30,36,7,black
38,28,16,7,black
32,57,231,4,blue
221,0,0,2,red
0,82,231,4,blue
13,3,13,7,black
19,171,15,5,green
204,30,30,2,red
242,222,213,6,white
117,4,187,3,violet
215,37,38,2,red
250,111,33,1,orange
155,22,214,3,violet
145,4,189,3,violet
16,2,10,7,black
0,53,202,4,blue
0,168,42,5,green
222,129,13,1,orange
234,219,246,6,white
7,73,197,4,blue
208,2,11,2,red
31,205,17,5,green
214,215,226,6,white
255,206,27,0,yellow
203,0,13,2,red
215,247,217,6,white
223,26,29,2,red
29,27,22,7,black
250,227,219,6,white
226,241,239,6,white
242,227,250,6,white
238,213,5,0,yellow
213,22,0,2,red
234,234,249,6,white
234,245,230,6,white
235,89,11,1,orange
225,211,28,0,yellow
197,30,12,2,red
224,116,25,1,orange
3,62,218,4,blue
255,223,34,0,yellow
0,166,21,5,green
29,156,8,5,green
238,97,12,1,orange
0,181,38,5,green
21,166,38,5,green
250,233,15,0,yellow
25,30,18,7,black
196,25,19,2,red
231,236,8,0,yellow
210,12,20,2,red
238,236,250,6,white
188,17,0,2,red
223,230,0,0,yellow
149,30,194,3,violet
229,27,0,2,red
29,13,22,7,black
6,166,6,5,green
31,25,30,7,black
210,127,12,1,orange
112,0,219,3,violet
0,39,201,4,blue
33,28,5,7,black
23,179,51,5,green
215,216,44,0,yellow
24,10,25,7,black
227,220,16,0,yellow
198,10,2,2,red
234,12,28,2,red
207,33,12,2,red
240,116,0,1,orange
224,0,38,2,red
130,42,214,3,violet
236,231,216,6,white
208,123,0,1,orange
235,211,15,0,yellow
3,3,36,7,black
13,38,24,7,black
221,135,0,1,orange
255,207,0,0,yellow
29,37,21,7,black
219,12,11,2,red
44,189,48,5,green
217,215,226,6,white
15,200,35,5,green
223,27,30,2,red
5,165,11,5,green
135,2,206,3,violet
27,13,27,7,black
144,22,179,3,violet
225,100,16,1,orange
28,169,52,5,green
23,22,16,7,black
3,18,20,7,black
131,23,180,3,violet
234,217,1,0,yellow
236,234,234,6,white
239,220,227,6,white
5,45,205,4,blue
216,231,236,6,white
245,235,6,0,yellow
128,0,182,3,violet
28,37,38,7,black
35,37,12,7,black
206,106,17,1,orange
11,63,235,4,blue
37,66,212,4,blue
225,224,224,6,white
0,40,186,4,blue
35,82,196,4,blue
8,45,219,4,blue
226,226,28,0,yellow
106,7,187,3,violet
0,167,18,5,green
194,36,0,2,red
215,108,0,1,orange
235,0,19,2,red
230,214,2,0,yellow
225,212,240,6,white
8,183,15,5,green
215,233,243,6,white
13,168,32,5,green
185,0,33,2,red
205,124,31,1,orange
0,171,28,5,green
229,219,39,0,yellow
240,235,243,6,white
224,29,7,2,red
235,0,31,2,red
214,216,245,6,white
248,125,0,1,orange
0,162,24,5,green
132,23,219,3,violet
110,16,195,3,violet
219,26,20,2,red
18,26,14,7,black
232,230,39,0,yellow
6,84,235,4,blue
247,215,250,6,white
223,223,230,6,white
233,32,24,2,red
145,4,188,3,violet
226,195,42,0,yellow
41,156,50,5,green
4,164,52,5,green
237,215,231,6,white
192,11,0,2,red
220,240,234,6,white
237,225,242,6,white
125,20,212,3,violet
233,30,0,2,red
245,213,226,6,white
44,187,26,5,green
215,218,216,6,white
255,235,0,0,yellow
41,158,23,5,green
255,219,20,0,yellow
22,196,24,5,green
254,131,2,1,orange
187,15,0,2,red
255,207,0,0,yellow
25,84,205,4,blue
38,17,29,7,black
232,13,27,2,red
231,235,220,6,white
15,188,35,5,green
237,216,219,6,white
0,52,228,4,blue
14,9,37,7,black
218,1,26,2,red
153,21,198,3,violet
113,4,196,3,violet
26,17,4,7,black
0,77,203,4,blue
237,234,22,0,yellow
9,203,50,5,green
34,186,45,5,green
11,17,21,7,black
225,0,14,2,red
220,108,21,1,orange
22,20,35,7,black
0,60,227,4,blue
255,236,0,0,yellow
216,214,31,0,yellow
36,78,203,4,blue
207,0,8,2,red
222,0,29,2,red
232,214,213,6,white
13,28,23,7,black
255,225,23,0,yellow
105,9,176,3,violet
227,122,37,1,orange
26,191,35,5,green
217,33,13,2,red
230,247,234,6,white
27,178,6,5,green
14,173,11,5,green
0,174,35,5,green
240,237,220,6,white
253,198,45,0,yellow
247,229,26,0,yellow
235,126,39,1,orange
4,171,53,5,green
144,34,225,3,violet
225,0,0,2,red
215,34,0,2,red
217,225,218,6,white
31,30,7,7,black
217,241,24,0,yellow
17,65,204,4,blue
241,197,15,0,yellow
208,0,0,2,red
30,66,191,4,blue
227,114,6,1,orange
29,175,11,5,green
208,128,9,1,orange
44,202,30,5,green
241,217,216,6,white
29,24,31,7,black
222,244,5,0,yellow
230,8,17,2,red
36,186,51,5,green
219,232,230,6,white
22,57,207,4,blue
235,40,30,2,red
5,68,224,4,blue
32,35,33,7,black
40,46,207,4,blue
144,24,196,3,violet
187,34,28,2,red
131,25,221,3,violet
132,35,190,3,violet
238,238,219,6,white
221,235,224,6,white
220,221,224,6,white
9,11,36,7,black
236,113,0,1,orange
231,227,244,6,white
218,212,223,6,white
17,188,43,5,green
4,25,16,7,black
26,177,26,5,green
232,7,27,2,red
131,0,182,3,violet
18,171,44,5,green
238,110,28,1,orange
30,26,5,7,black
0,53,194,4,blue
188,0,26,2,red
132,19,176,3,violet
8,10,9,7,black
22,156,30,5,green
254,233,27,0,yellow
120,26,207,3,violet
16,70,202,4,blue
6,83,220,4,blue
243,233,214,6,white
10,32,15,7,black
150,9,194,3,violet
19,29,2,7,black
209,132,33,1,orange
26,156,44,5,green
0,181,26,5,green
7,27,10,7,black
141,35,213,3,violet
0,54,185,4,blue
32,11,28,7,black
233,207,0,0,yellow
236,103,6,1,orange
225,215,40,0,yellow
233,0,28,2,red
255,245,30,0,yellow
211,114,0,1,orange
225,206,21,0,yellow
188,32,5,2,red
26,12,23,7,black
130,21,222,3,violet
221,36,12,2,red
222,196,42,0,yellow
233,214,5,0,yellow
139,21,205,3,violet
0,57,226,4,blue
223,232,222,6,white
0,54,202,4,blue
7,185,12,5,green
21,3,8,7,black
2,203,21,5,green
199,2,33,2,red
214,88,34,1,orange
43,199,9,5,green
37,16,18,7,black
237,110,30,1,orange
36,46,210,4,blue
5,75,207,4,blue
39,64,220,4,blue
31,49,204,4,blue
217,238,231,6,white
254,200,0,0,yellow
232,127,36,1,orange
245,219,225,6,white
43,168,31,5,green
35,37,223,4,blue
39,162,23,5,green
141,23,196,3,violet
217,221,246,6,white
146,0,209,3,violet
226,232,224,6,white
20,72,187,4,blue
242,236,238,6,white
228,0,3,2,red
31,52,226,4,blue
9,192,15,5,green
10,169,45,5,green
205,12,28,2,red
39,77,218,4,blue
20,36,10,7,black
0,202,48,5,green
1,158,45,5,green
22,27,26,7,black
25,47,204,4,blue
110,45,216,3,violet
211,249,230,6,white
21,23,8,7,black
244,215,230,6,white
224,132,29,1,orange
42,157,48,5,green
214,32,0,2,red
189,7,39,2,red
117,38,196,3,violet
1,80,234,4,blue
189,14,32,2,red
17,6,10,7,black
252,88,38,1,orange
255,217,20,0,yellow
239,216,0,0,yellow
28,12,10,7,black
212,16,0,2,red
29,29,28,7,black
6,36,26,7,black
206,98,0,1,orange
255,238,20,0,yellow
236,245,13,0,yellow
37,67,235,4,blue
198,29,19,2,red
213,238,218,6,white
241,198,8,0,yellow
0,187,28,5,green
31,44,234,4,blue
113,4,199,3,violet
3,28,7,7,black
233,225,243,6,white
29,12,13,7,black
105,38,192,3,violet
0,52,214,4,blue
17,63,212,4,blue
123,45,184,3,violet
206,112,31,1,orange
253,129,26,1,orange
38,69,191,4,blue
221,115,34,1,orange
138,32,187,3,violet
219,18,33,2,red
248,224,0,0,yellow
36,80,233,4,blue
23,64,188,4,blue
239,238,42,0,yellow
243,110,32,1,orange
229,231,216,6,white
235,248,215,6,white
155,30,223,3,violet
32,55,201,4,blue
189,9,32,2,red
3,35,212,4,blue
125,24,210,3,violet
0,53,199,4,blue
14,62,210,4,blue
28,18,3,7,black
222,112,14,1,orange
5,180,18,5,green
43,205,31,5,green
246,85,0,1,orange
209,12,4,2,red
227,233,226,6,white
0,35,227,4,blue
29,156,44,5,green
231,121,19,1,orange
218,202,28,0,yellow
1,81,191,4,blue
218,32,5,2,red
105,7,215,3,violet
197,8,18,2,red
233,219,21,0,yellow
245,213,248,6,white
9,188,11,5,green
213,97,11,1,orange
224,31,7,2,red
211,86,14,1,orange
234,0,35,2,red
22,82,229,4,blue
0,54,232,4,blue
16,178,37,5,green
237,129,16,1,orange
39,178,33,5,green
217,214,26,0,yellow
213,96,10,1,orange
213,15,0,2,red
20,164,12,5,green
246,226,223,6,white
32,4,25,7,black
245,240,212,6,white
114,22,176,3,violet
33,63,227,4,blue
3,12,2,7,black
245,239,249,6,white
18,156,25,5,green
217,236,210,6,white
249,127,0,1,orange
20,55,233,4,blue
241,241,1,0,yellow
233,199,19,0,yellow
38,191,54,5,green
10,12,32,7,black
5,27,25,7,black
37,16,37,7,black
21,66,187,4,blue
18,187,29,5,green
105,34,187,3,violet
250,111,8,1,orange
19,10,15,7,black
129,31,222,3,violet
236,111,33,1,orange
255,228,24,0,yellow
221,0,21,2,red
118,23,219,3,violet
220,222,33,0,yellow
35,17,23,7,black
186,8,2,2,red
4,17,24,7,black
250,132,31,1,orange
214,238,211,6,white
241,248,224,6,white
152,32,187,3,violet
26,69,189,4,blue
236,229,17,0,yellow
16,38,5,7,black
0,54,210,4,blue
213,113,0,1,orange
110,1,202,3,violet
213,133,0,1,orange
22,12,9,7,black
234,207,19,0,yellow
220,0,14,2,red
36,36,8,7,black
22,53,202,4,blue
194,29,8,2,red
248,212,214,6,white
213,122,4,1,orange
19,30,10,7,black
11,44,225,4,blue
5,155,38,5,green
2,60,206,4,blue
220,120,28,1,orange
222,15,19,2,red
24,200,36,5,green
245,197,35,0,yellow
17,36,229,4,blue
211,0,27,2,red
237,113,21,1,orange
145,34,181,3,violet
255,243,26,0,yellow
20,5,18,7,black
4,167,54,5,green
253,228,13,0,yellow
221,214,239,6,white
13,12,3,7,black
238,219,228,6,white
155,39,196,3,violet
36,179,40,5,green
0,56,207,4,blue
250,214,9,0,yellow
146,40,199,3,violet
213,35,6,2,red
17,53,194,4,blue
252,131,12,1,orange
234,30,1,2,red
227,120,20,1,orange
11,18,15,7,black
0,69,221,4,blue
105,0,218,3,violet
20,168,16,5,green
207,0,34,2,red
8,83,215,4,blue
255,86,14,1,orange
213,93,16,1,orange
22,36,34,7,black
18,77,192,4,blue
12,11,20,7,black
219,197,37,0,yellow
12,161,9,5,green
233,39,7,2,red
0,45,203,4,blue
16,53,223,4,blue
35,201,16,5,green
227,218,216,6,white
240,212,233,6,white
4,164,42,5,green
230,116,0,1,orange
153,37,219,3,violet
0,76,204,4,blue
233,9,17,2,red
36,6,3,7,black
36,168,14,5,green
219,101,16,1,orange
8,32,33,7,black
21,17,7,7,black
243,213,249,6,white
15,199,20,5,green
219,129,12,1,orange
231,129,13,1,orange
230,39,3,2,red
4,159,53,5,green
229,21,2,2,red
236,121,40,1,orange
217,0,32,2,red
30,46,190,4,blue
24,173,33,5,green
255,134,0,1,orange
255,245,34,0,yellow
0,197,46,5,green
19,51,215,4,blue
26,202,41,5,green
249,248,244,6,white
0,162,48,5,green
220,32,39,2,red
214,87,0,1,orange
0,162,17,5,green
243,131,28,1,orange
42,179,45,5,green
41,184,21,5,green
250,245,42,0,yellow
235,104,0,1,orange
226,116,12,1,orange
226,199,33,0,yellow
224,249,218,6,white
0,85,209,4,blue
220,209,38,0,yellow
250,221,34,0,yellow
133,5,183,3,violet
233,225,235,6,white
255,244,31,0,yellow
249,89,12,1,orange
13,43,224,4,blue
234,17,26,2,red
7,68,205,4,blue
238,108,34,1,orange
117,0,188,3,violet
0,54,221,4,blue
36,32,36,7,black
0,52,229,4,blue
247,242,3,0,yellow
0,57,189,4,blue
197,4,0,2,red
13,11,6,7,black
222,201,10,0,yellow
45,189,42,5,green
0,81,200,4,blue
209,115,2,1,orange
33,3,37,7,black
230,14,20,2,red
116,39,211,3,violet
231,220,248,6,white
255,222,41,0,yellow
214,250,239,6,white
0,187,53,5,green
128,10,187,3,violet
238,214,41,0,yellow
26,66,187,4,blue
224,37,26,2,red
222,241,223,6,white
228,101,5,1,orange
0,57,204,4,blue
24,84,195,4,blue
9,38,24,7,black
228,198,32,0,yellow
234,218,45,0,yellow
29,186,23,5,green
146,4,211,3,violet
0,63,195,4,blue
215,208,14,0,yellow
249,133,4,1,orange
140,0,193,3,violet
0,46,226,4,blue
218,0,0,2,red
4,190,10,5,green
230,98,19,1,orange
210,103,0,1,orange
215,26,37,2,red
3,25,19,7,black
12,2,5,7,black
219,132,9,1,orange
105,0,207,3,violet
116,27,177,3,violet
33,163,38,5,green
204,15,0,2,red
209,90,14,1,orange
4,18,23,7,black
0,68,191,4,blue
30,179,55,5,green
234,231,238,6,white
219,18,0,2,red
147,29,203,3,violet
202,6,0,2,red
20,73,225,4,blue
234,220,40,0,yellow
30,18,10,7,black
32,202,7,5,green
229,117,27,1,orange
18,62,227,4,blue
230,112,10,1,orange
0,56,198,4,blue
6,34,14,7,black
206,88,34,1,orange
40,171,23,5,green
5,78,225,4,blue
251,125,21,1,orange
20,37,11,7,black
217,219,235,6,white
153,36,182,3,violet
5,182,22,5,green
20,31,35,7,black
6,33,15,7,black
132,14,211,3,violet
34,51,224,4,blue
255,93,0,1,orange
241,233,33,0,yellow
29,80,194,4,blue
246,224,43,0,yellow
188,0,14,2,red
9,47,220,4,blue
245,196,34,0,yellow
32,174,28,5,green
0,39,216,4,blue
38,54,195,4,blue
213,5,27,2,red
210,106,28,1,orange
135,0,196,3,violet
245,90,35,1,orange
6,26,36,7,black
217,239,236,6,white
152,8,222,3,violet
233,11,4,2,red
226,124,32,1,orange
255,224,12,0,yellow
215,213,41,0,yellow
247,242,38,0,yellow
211,244,220,6,white
39,69,203,4,blue
255,226,13,0,yellow
253,199,19,0,yellow
31,85,221,4,blue
26,21,27,7,black
4,168,24,5,green
240,89,26,1,orange
250,237,245,6,white
187,32,14,2,red
142,41,214,3,violet
222,90,31,1,orange
220,217,239,6,white
200,5,10,2,red
237,242,241,6,white
251,131,32,1,orange
17,156,13,5,green
212,237,241,6,white
231,242,25,0,yellow
128,5,221,3,violet
252,217,0,0,yellow
215,232,215,6,white
0,49,225,4,blue
2,75,190,4,blue
249,223,235,6,white
105,5,206,3,violet
210,1,34,2,red
209,101,0,1,orange
0,39,188,4,blue
4,17,32,7,black
41,159,5,5,green
23,186,42,5,green
122,4,219,3,violet
197,21,15,2,red
255,205,24,0,yellow
197,23,33,2,red
251,90,36,1,orange
247,107,22,1,orange
235,226,210,6,white
7,46,201,4,blue
255,212,0,0,yellow
0,53,204,4,blue
246,235,23,0,yellow
221,93,0,1,orange
19,191,47,5,green
153,4,200,3,violet
222,0,20,2,red
213,224,215,6,white
231,243,10,0,yellow
124,0,183,3,violet
35,193,35,5,green
193,29,7,2,red
218,211,25,0,yellow
230,107,32,1,orange
192,33,26,2,red
11,195,19,5,green
255,244,32,0,yellow
196,31,21,2,red
0,46,214,4,blue
10,27,13,7,black
226,203,25,0,yellow
246,206,42,0,yellow
2,196,17,5,green
239,209,44,0,yellow
255,214,27,0,yellow
198,9,20,2,red
108,14,214,3,violet
0,205,49,5,green
229,225,245,6,white
255,238,32,0,yellow
31,44,217,4,blue
30,10,28,7,black
26,10,29,7,black
21,23,18,7,black
149,0,200,3,violet
150,45,216,3,violet
135,14,213,3,violet
27,175,55,5,green
23,23,5,7,black
255,236,39,0,yellow
214,243,221,6,white
7,28,6,7,black
148,28,200,3,violet
207,112,0,1,orange
27,15,28,7,black
224,207,33,0,yellow
25,7,30,7,black
12,83,203,4,blue
155,37,214,3,violet
4,10,34,7,black
232,0,28,2,red
0,40,230,4,blue
246,95,22,1,orange
26,36,38,7,black
2,205,15,5,green
248,244,246,6,white
207,0,13,2,red
135,12,212,3,violet
253,203,11,0,yellow
213,0,36,2,red
149,3,196,3,violet
3,184,54,5,green
255,228,19,0,yellow
205,95,21,1,orange
14,191,17,5,green
218,245,16,0,yellow
227,225,249,6,white
30,72,191,4,blue
0,183,33,5,green
225,93,14,1,orange
250,240,213,6,white
36,175,52,5,green
138,45,193,3,violet
246,131,29,1,orange
231,245,45,0,yellow
5,178,15,5,green
21,74,188,4,blue
26,27,36,7,black
36,14,17,7,black
5,48,205,4,blue
241,234,244,6,white
137,32,220,3,violet
248,223,2,0,yellow
216,234,240,6,white
20,22,25,7,black
139,5,193,3,violet
2,185,34,5,green
232,0,0,2,red
255,202,36,0,yellow
231,10,15,2,red
43,200,33,5,green
29,19,36,7,black
229,218,6,0,yellow
14,37,36,7,black
223,220,233,6,white
20,26,13,7,black
12,29,33,7,black
111,39,221,3,violet
231,17,37,2,red
204,18,25,2,red
120,1,195,3,violet
247,220,27,0,yellow
22,35,22,7,black
217,220,45,0,yellow
142,11,190,3,violet
2,165,55,5,green
27,181,14,5,green
40,190,47,5,green
255,111,0,1,orange
247,199,14,0,yellow
255,211,27,0,yellow
212,229,210,6,white
0,58,186,4,blue
44,164,33,5,green
24,56,186,4,blue
240,233,235,6,white
108,19,201,3,violet
230,26,21,2,red
218,112,3,1,orange
215,133,22,1,orange
220,227,244,6,white
214,232,220,6,white
2,37,222,4,blue
215,245,246,6,white
26,5,2,7,black
114,41,195,3,violet
30,16,14,7,black
11,171,43,5,green
231,95,16,1,orange
232,235,216,6,white
3,21,34,7,black
4,12,27,7,black
234,236,21,0,yellow
243,90,7,1,orange
4,33,8,7,black
112,38,210,3,violet
28,180,53,5,green
36,42,218,4,blue
193,11,0,2,red
16,62,194,4,blue
32,9,28,7,black
117,34,188,3,violet
209,13,0,2,red
33,22,16,7,black
8,45,194,4,blue
197,21,30,2,red
236,102,10,1,orange
211,9,18,2,red
218,209,0,0,yellow
235,39,7,2,red
36,43,195,4,blue
221,30,1,2,red
34,26,38,7,black
221,228,245,6,white
16,48,199,4,blue
241,111,13,1,orange
223,108,33,1,orange
185,0,0,2,red
224,13,38,2,red
213,235,241,6,white
241,219,241,6,white
124,21,196,3,violet
207,85,0,1,orange
244,102,33,1,orange
255,223,17,0,yellow
234,116,10,1,orange
134,0,179,3,violet
9,27,38,7,black
208,25,0,2,red
247,223,43,0,yellow
242,133,0,1,orange
28,25,38,7,black
28,45,189,4,blue
31,43,192,4,blue
25,157,52,5,green
210,117,3,1,orange
0,43,187,4,blue
201,40,0,2,red
14,15,8,7,black
3,199,35,5,green
14,158,18,5,green
240,212,27,0,yellow
255,97,35,1,orange
214,226,217,6,white
251,227,8,0,yellow
237,219,214,6,white
226,107,18,1,orange
222,0,38,2,red
40,64,211,4,blue
210,103,38,1,orange
32,21,26,7,black
233,249,223,6,white
20,16,21,7,black
0,39,197,4,blue
34,29,15,7,black
113,15,223,3,violet
0,79,188,4,blue
43,179,31,5,green
135,26,207,3,violet
235,237,2,0,yellow
245,243,210,6,white
17,35,17,7,black
45,204,22,5,green
126,30,190,3,violet
214,0,6,2,red
112,43,223,3,violet
218,38,6,2,red
35,12,31,7,black
0,155,51,5,green
0,175,27,5,green
15,79,220,4,blue
215,34,0,2,red
211,0,21,2,red
9,178,30,5,green
248,248,239,6,white
10,7,11,7,black
211,236,247,6,white
227,233,218,6,white
255,196,17,0,yellow
214,130,10,1,orange
14,38,208,4,blue
23,72,226,4,blue
237,85,0,1,orange
197,8,7,2,red
233,225,245,6,white
234,217,242,6,white
205,16,31,2,red
216,0,9,2,red
145,45,209,3,violet
22,180,36,5,green
248,241,210,6,white
0,179,18,5,green
36,81,226,4,blue
249,243,217,6,white
36,58,219,4,blue
251,93,20,1,orange
233,197,0,0,yellow
11,8,13,7,black
16,172,48,5,green
246,236,240,6,white
222,34,3,2,red
212,218,228,6,white
142,45,177,3,violet
238,218,231,6,white
33,59,200,4,blue
22,167,22,5,green
6,2,27,7,black
197,0,0,2,red
246,102,3,1,orange
4,15,29,7,black
6,175,44,5,green
13,170,55,5,green
149,38,209,3,violet
240,244,216,6,white
44,199,52,5,green
149,15,217,3,violet
27,33,31,7,black
34,43,212,4,blue
37,57,219,4,blue
27,172,38,5,green
229,218,226,6,white
145,37,190,3,violet
233,26,32,2,red
209,0,9,2,red
137,9,212,3,violet
6,167,54,5,green
229,229,10,0,yellow
34,31,18,7,black
122,33,191,3,violet
119,19,181,3,violet
210,6,29,2,red
207,0,0,2,red
5,11,7,7,black
245,247,244,6,white
14,179,17,5,green
231,123,0,1,orange
32,58,208,4,blue
241,243,210,6,white
135,36,184,3,violet
106,33,212,3,violet
8,200,17,5,green
18,60,188,4,blue
27,192,51,5,green
211,0,23,2,red
127,4,192,3,violet
252,127,37,1,orange
242,245,250,6,white
219,95,0,1,orange
21,184,34,5,green
147,25,185,3,violet
243,221,217,6,white
2,57,211,4,blue
242,221,24,0,yellow
215,221,26,0,yellow
234,230,233,6,white
28,49,213,4,blue
255,239,29,0,yellow
142,45,187,3,violet
244,236,29,0,yellow
217,19,25,2,red
219,89,22,1,orange
200,20,30,2,red
32,178,37,5,green
223,10,6,2,red
39,77,223,4,blue
40,165,41,5,green
45,158,25,5,green
132,38,223,3,violet
30,5,38,7,black
222,243,214,6,white
221,216,228,6,white
191,37,0,2,red
44,194,31,5,green
1,155,6,5,green
0,83,218,4,blue
30,38,27,7,black
42,198,55,5,green
30,2,19,7,black
242,87,34,1,orange
25,161,39,5,green
228,250,225,6,white
234,132,0,1,orange
20,47,190,4,blue
7,163,19,5,green
38,7,38,7,black
130,43,224,3,violet
249,205,0,0,yellow
222,224,2,0,yellow
20,167,19,5,green
227,211,233,6,white
234,235,22,0,yellow
9,200,42,5,green
0,41,212,4,blue
25,19,5,7,black
193,0,34,2,red
250,195,2,0,yellow
4,5,23,7,black
253,87,38,1,orange
242,197,0,0,yellow
210,221,239,6,white
255,110,22,1,orange
31,4,26,7,black
14,25,26,7,black
216,38,16,2,red
39,75,192,4,blue
111,17,195,3,violet
218,211,225,6,white
244,217,239,6,white
36,74,212,4,blue
5,165,25,5,green
36,32,14,7,black
219,226,248,6,white
34,70,185,4,blue
21,162,39,5,green
26,37,35,7,black
108,16,208,3,violet
255,245,23,0,yellow
0,75,213,4,blue
228,219,21,0,yellow
241,237,242,6,white
215,235,233,6,white
220,241,217,6,white
138,27,184,3,violet
224,223,0,0,yellow
16,38,220,4,blue
208,94,38,1,orange
243,244,226,6,white
207,39,8,2,red
220,10,13,2,red
30,38,5,7,black
255,204,17,0,yellow
225,238,223,6,white
247,234,250,6,white
11,16,5,7,black
120,38,219,3,violet
149,0,225,3,violet
126,10,188,3,violet
132,16,198,3,violet
233,223,39,0,yellow
131,0,208,3,violet
115,42,209,3,violet
243,222,234,6,white
225,220,250,6,white
194,19,31,2,red
230,111,0,1,orange
145,8,212,3,violet
24,15,8,7,black
224,208,43,0,yellow
27,10,38,7,black
245,225,10,0,yellow
31,68,207,4,blue
199,17,8,2,red
207,12,0,2,red
217,217,8,0,yellow
0,69,194,4,blue
233,228,212,6,white
152,0,220,3,violet
193,0,19,2,red
234,4,37,2,red
120,20,206,3,violet
117,20,177,3,violet
245,231,250,6,white
21,6,14,7,black
249,234,227,6,white
207,8,5,2,red
230,103,31,1,orange
24,11,21,7,black
255,201,19,0,yellow
221,23,20,2,red
44,162,39,5,green
0,79,200,4,blue
249,241,10,0,yellow
222,98,38,1,orange
227,115,0,1,orange
250,201,0,0,yellow
238,222,210,6,white
26,71,187,4,blue
220,250,247,6,white
20,18,34,7,black
222,237,0,0,yellow
18,6,21,7,black
229,125,6,1,orange
244,239,18,0,yellow
35,197,30,5,green
151,42,195,3,violet
12,5,15,7,black
34,187,33,5,green
221,97,0,1,orange
113,18,206,3,violet
255,236,30,0,yellow
253,115,39,1,orange
229,7,25,2,red
28,5,7,7,black
227,239,225,6,white
19,81,214,4,blue
229,134,12,1,orange
136,42,212,3,violet
8,191,48,5,green
34,85,195,4,blue
42,193,55,5,green
221,98,5,1,orange
0,47,213,4,blue
206,40,36,2,red
200,17,34,2,red
255,210,31,0,yellow
248,85,20,1,orange
219,238,10,0,yellow
22,172,34,5,green
152,17,190,3,violet
136,18,177,3,violet
4,194,25,5,green
221,3,36,2,red
223,106,25,1,orange
194,32,18,2,red
247,91,31,1,orange
220,117,40,1,orange
236,121,28,1,orange
207,30,9,2,red
229,32,0,2,red
231,222,229,6,white
0,199,13,5,green
38,14,30,7,black
192,27,20,2,red
245,224,224,6,white
29,24,26,7,black
10,72,193,4,blue
2,160,16,5,green
16,3,2,7,black
225,11,14,2,red
207,108,5,1,orange
38,37,14,7,black
9,33,35,7,black
35,180,25,5,green
211,223,237,6,white
24,46,209,4,blue
111,30,177,3,violet
239,107,30,1,orange
235,35,0,2,red
120,3,177,3,violet
13,7,12,7,black
3,59,196,4,blue
255,236,16,0,yellow
219,127,27,1,orange
35,73,227,4,blue
239,87,40,1,orange
123,41,202,3,violet
15,67,212,4,blue
25,24,35,7,black
147,29,190,3,violet
9,30,21,7,black
138,16,211,3,violet
136,7,180,3,violet
229,0,2,2,red
24,197,10,5,green
240,134,29,1,orange
234,220,232,6,white
23,16,33,7,black
245,213,29,0,yellow
149,14,203,3,violet
20,44,225,4,blue
29,37,27,7,black
0,41,190,4,blue
20,15,4,7,black
36,77,222,4,blue
12,37,22,7,black
41,167,20,5,green
142,26,215,3,violet
234,197,9,0,yellow
235,0,33,2,red
222,135,15,1,orange
22,12,12,7,black
33,9,11,7,black
190,38,38,2,red
9,6,22,7,black
228,101,27,1,orange
1,162,53,5,green
29,67,197,4,blue
30,204,40,5,green
6,13,6,7,black
211,37,0,2,red
38,178,11,5,green
153,0,208,3,violet
10,175,41,5,green
189,8,20,2,red
226,221,6,0,yellow
253,202,45,0,yellow
29,76,210,4,blue
210,214,222,6,white
252,123,2,1,orange
36,161,41,5,green
229,118,9,1,orange
234,30,22,2,red
10,59,205,4,blue
218,0,10,2,red
223,216,221,6,white
0,48,208,4,blue
11,30,25,7,black
22,51,222,4,blue
40,53,206,4,blue
186,39,20,2,red
0,186,6,5,green
123,43,176,3,violet
242,91,0,1,orange
26,80,217,4,blue
15,179,53,5,green
247,94,37,1,orange
138,7,223,3,violet
20,36,217,4,blue
242,232,221,6,white
27,38,8,7,black
155,30,202,3,violet
255,208,35,0,yellow
186,19,19,2,red
224,212,236,6,white
209,27,32,2,red
34,62,220,4,blue
0,191,8,5,green
244,245,230,6,white
12,24,38,7,black
251,92,39,1,orange
252,201,23,0,yellow
137,41,183,3,violet
28,55,222,4,blue
222,38,14,2,red
200,25,0,2,red
20,171,14,5,green
23,68,200,4,blue
16,38,19,7,black
223,210,45,0,yellow
240,227,246,6,white
151,26,180,3,violet
222,230,43,0,yellow
11,23,34,7,black
9,68,205,4,blue
250,110,37,1,orange
232,131,15,1,orange
7,203,41,5,green
9,175,24,5,green
221,222,223,6,white
205,34,31,2,red
235,236,0,0,yellow
248,216,240,6,white
210,14,17,2,red
39,79,200,4,blue
39,198,24,5,green
201,13,1,2,red
134,34,188,3,violet
232,126,27,1,orange
8,45,189,4,blue
241,219,44,0,yellow
0,69,198,4,blue
212,249,210,6,white
38,56,201,4,blue
20,32,2,7,black
254,241,33,0,yellow
2,37,31,7,black
235,205,34,0,yellow
232,114,4,1,orange
208,14,0,2,red
218,225,213,6,white
227,134,27,1,orange
242,245,221,6,white
9,40,204,4,blue
30,68,216,4,blue
13,56,211,4,blue
232,205,11,0,yellow
229,201,17,0,yellow
227,112,10,1,orange
121,41,186,3,violet
0,163,38,5,green
221,244,224,6,white
2,176,10,5,green
127,0,202,3,violet
221,238,248,6,white
244,215,43,0,yellow
30,21,22,7,black
15,39,226,4,blue
210,245,240,6,white
136,41,201,3,violet
216,131,0,1,orange
215,212,220,6,white
211,245,240,6,white
35,157,41,5,green
210,234,244,6,white
29,76,188,4,blue
230,30,0,2,red
231,86,4,1,orange
255,241,42,0,yellow
227,207,29,0,yellow
154,20,191,3,violet
234,213,220,6,white
235,3,40,2,red
36,203,31,5,green
119,0,215,3,violet
233,40,31,2,red
11,13,13,7,black
109,3,191,3,violet
236,135,11,1,orange
25,156,22,5,green
231,126,0,1,orange
36,189,50,5,green
238,216,226,6,white
10,13,5,7,black
32,15,6,7,black
255,228,36,0,yellow
19,204,41,5,green
33,30,23,7,black
25,15,5,7,black
4,26,16,7,black
121,14,222,3,violet
230,201,39,0,yellow
6,172,52,5,green
1,184,16,5,green
140,12,202,3,violet
234,124,1,1,orange
129,31,185,3,violet
241,245,239,6,white
188,23,9,2,red
252,211,0,0,yellow
20,43,202,4,blue
246,202,0,0,yellow
199,33,0,2,red
246,238,211,6,white
226,5,0,2,red
19,15,10,7,black
187,8,17,2,red
29,38,219,4,blue
237,104,34,1,orange
21,16,30,7,black
39,49,213,4,blue
225,215,31,0,yellow
6,4,20,7,black
4,8,2,7,black
234,244,13,0,yellow
225,228,35,0,yellow
243,197,41,0,yellow
224,235,243,6,white
146,18,196,3,violet
149,20,203,3,violet
0,65,207,4,blue
11,29,11,7,black
9,29,31,7,black
233,235,213,6,white
235,26,6,2,red
234,2,0,2,red
226,124,14,1,orange
215,25,0,2,red
4,193,28,5,green
211,111,27,1,orange
44,157,47,5,green
133,19,207,3,violet
234,32,37,2,red
132,21,192,3,violet
125,19,191,3,violet
17,38,8,7,black
255,245,16,0,yellow
13,26,22,7,black
17,67,232,4,blue
255,226,4,0,yellow
21,19,32,7,black
41,177,52,5,green
2,199,53,5,green
223,201,20,0,yellow
247,235,222,6,white
223,211,41,0,yellow
2,158,50,5,green
226,12,0,2,red
239,210,223,6,white
12,156,36,5,green
15,155,41,5,green
213,24,0,2,red
37,174,26,5,green
0,199,48,5,green
189,26,36,2,red
29,178,39,5,green
217,241,239,6,white
248,243,210,6,white
255,93,5,1,orange
220,221,246,6,white
253,95,21,1,orange
120,40,203,3,violet
248,239,243,6,white
44,175,39,5,green
137,1,195,3,violet
215,210,219,6,white
220,18,19,2,red
31,40,189,4,blue
38,83,203,4,blue
194,0,6,2,red
233,122,17,1,orange
123,4,188,3,violet
223,222,238,6,white
254,221,10,0,yellow
240,249,227,6,white
7,28,23,7,black
0,164,20,5,green
0,66,186,4,blue
153,22,190,3,violet
111,45,201,3,violet
0,48,220,4,blue
236,99,0,1,orange
217,225,229,6,white
35,8,16,7,black
13,203,40,5,green
0,45,215,4,blue
3,164,11,5,green
155,17,224,3,violet
30,59,189,4,blue
9,24,28,7,black
217,35,20,2,red
219,131,0,1,orange
19,10,17,7,black
212,11,37,2,red
10,14,11,7,black
222,221,216,6,white
224,237,25,0,yellow
107,3,211,3,violet
227,245,232,6,white
135,36,219,3,violet
251,210,40,0,yellow
29,193,7,5,green
0,205,17,5,green
5,13,38,7,black
112,37,209,3,violet
29,40,220,4,blue
124,13,217,3,violet
15,39,187,4,blue
135,40,225,3,violet
0,183,9,5,green
212,91,38,1,orange
143,0,216,3,violet
37,83,224,4,blue
255,230,8,0,yellow
251,238,44,0,yellow
233,200,11,0,yellow
207,25,10,2,red
38,36,206,4,blue
21,31,20,7,black
13,74,212,4,blue
114,9,192,3,violet
29,42,212,4,blue
29,42,212,4,blue
191,0,6,2,red
152,37,208,3,violet
24,161,39,5,green
13,26,2,7,black
112,3,200,3,violet
233,3,0,2,red
38,9,15,7,black
118,10,207,3,violet
23,197,10,5,green
137,28,182,3,violet
19,166,10,5,green
3,11,24,7,black
229,34,13,2,red
206,97,23,1,orange
8,52,216,4,blue
0,204,48,5,green
255,233,0,0,yellow
238,111,13,1,orange
227,235,30,0,yellow
42,167,51,5,green
15,6,37,7,black
12,12,10,7,black
222,116,0,1,orange
255,229,0,0,yellow
10,74,191,4,blue
238,125,7,1,orange
19,13,29,7,black
36,2,8,7,black
3,81,216,4,blue
228,218,229,6,white
105,29,204,3,violet
212,135,0,1,orange
4,76,207,4,blue
7,160,24,5,green
213,214,227,6,white
34,181,15,5,green
155,7,187,3,violet
233,96,0,1,orange
242,235,26,0,yellow
34,5,8,7,black
227,200,10,0,yellow
32,12,8,7,black
11,190,38,5,green
194,0,0,2,red
132,0,200,3,violet
216,221,224,6,white
12,48,197,4,blue
0,194,53,5,green
0,175,44,5,green
223,1,35,2,red
220,0,0,2,red
237,101,0,1,orange
215,218,230,6,white
239,128,1,1,orange
224,231,37,0,yellow
226,35,40,2,red
3,27,38,7,black
231,247,225,6,white
249,222,225,6,white
0,54,202,4,blue
241,249,217,6,white
3,57,225,4,blue
214,26,0,2,red
215,13,8,2,red
234,91,0,1,orange
223,113,1,1,orange
13,21,12,7,black
229,32,17,2,red
225,123,4,1,orange
228,211,242,6,white
0,36,199,4,blue
250,91,0,1,orange
196,31,25,2,red
247,214,224,6,white
20,21,18,7,black
215,223,247,6,white
236,238,2,0,yellow
225,240,211,6,white
226,2,1,2,red
127,23,189,3,violet
253,238,45,0,yellow
2,6,16,7,black
135,36,207,3,violet
19,47,191,4,blue
234,117,22,1,orange
227,3,7,2,red
230,222,32,0,yellow
5,167,53,5,green
32,158,33,5,green
225,124,4,1,orange
0,55,229,4,blue
37,29,7,7,black
0,35,222,4,blue
197,25,14,2,red
187,0,1,2,red
42,172,46,5,green
24,10,8,7,black
2,201,15,5,green
255,206,45,0,yellow
234,247,249,6,white
32,42,227,4,blue
224,237,245,6,white
222,226,218,6,white
0,42,211,4,blue
0,192,32,5,green
7,40,200,4,blue
121,35,207,3,violet
235,3,38,2,red
144,45,214,3,violet
244,218,37,0,yellow
210,114,18,1,orange
186,0,0,2,red
203,23,30,2,red
152,35,211,3,violet
192,12,20,2,red
7,64,225,4,blue
146,19,192,3,violet
205,129,26,1,orange
240,217,44,0,yellow
211,27,11,2,red
10,169,49,5,green
205,0,0,2,red
25,28,27,7,black
236,97,28,1,orange
7,34,11,7,black
33,178,20,5,green
7,6,14,7,black
229,113,30,1,orange
5,158,46,5,green
253,204,43,0,yellow
141,13,210,3,violet
27,12,11,7,black
13,2,3,7,black
239,243,232,6,white
220,105,14,1,orange
37,66,193,4,blue
247,244,221,6,white
17,159,19,5,green
239,117,38,1,orange
16,49,221,4,blue
239,247,245,6,white
37,5,3,7,black
217,244,213,6,white
17,2,31,7,black
234,17,3,2,red
219,221,21,0,yellow
28,44,191,4,blue
207,16,0,2,red
233,231,244,6,white
129,1,195,3,violet
243,85,4,1,orange
255,205,0,0,yellow
254,119,29,1,orange
137,30,194,3,violet
252,130,0,1,orange
232,96,21,1,orange
32,186,19,5,green
243,244,215,6,white
194,30,19,2,red
220,224,212,6,white
145,22,179,3,violet
218,114,9,1,orange
121,33,204,3,violet
0,49,192,4,blue
29,159,6,5,green
229,0,12,2,red
13,73,234,4,blue
117,0,215,3,violet
112,33,201,3,violet
116,15,220,3,violet
249,124,0,1,orange
36,28,35,7,black
143,23,222,3,violet
112,4,183,3,violet
237,128,16,1,orange
29,15,19,7,black
9,54,217,4,blue
138,41,194,3,violet
134,17,219,3,violet
242,248,244,6,white
243,247,247,6,white
202,0,0,2,red
189,13,12,2,red
220,230,233,6,white
37,23,32,7,black
105,28,212,3,violet
233,39,8,2,red
217,247,218,6,white
0,66,220,4,blue
4,41,227,4,blue
36,198,40,5,green
7,34,38,7,black
24,41,225,4,blue
33,29,18,7,black
234,85,40,1,orange
2,23,35,7,black
15,202,8,5,green
36,181,31,5,green
35,13,2,7,black
0,174,5,5,green
131,2,206,3,violet
35,157,48,5,green
226,229,13,0,yellow
248,89,1,1,orange
232,102,25,1,orange
235,15,0,2,red
222,17,40,2,red
11,48,214,4,blue
13,22,9,7,black
20,62,206,4,blue
123,36,185,3,violet
250,126,13,1,orange
209,133,37,1,orange
237,250,241,6,white
232,129,15,1,orange
147,42,211,3,violet
115,4,207,3,violet
27,14,8,7,black
4,30,20,7,black
196,25,15,2,red
247,245,27,0,yellow
31,179,52,5,green
220,220,27,0,yellow
223,241,237,6,white
205,106,29,1,orange
0,69,233,4,blue
203,12,12,2,red
233,92,0,1,orange
4,26,19,7,black
125,10,178,3,violet
223,248,248,6,white
0,155,25,5,green
231,36,23,2,red
150,14,195,3,violet
236,247,228,6,white
17,158,35,5,green
230,204,1,0,yellow
150,23,192,3,violet
18,16,14,7,black
231,135,11,1,orange
236,225,229,6,white
30,30,19,7,black
0,180,29,5,green
227,243,229,6,white
215,21,1,2,red
37,30,7,7,black
32,195,44,5,green
22,19,7,7,black
188,0,17,2,red
252,216,27,0,yellow
225,232,32,0,yellow
243,221,250,6,white
217,28,20,2,red
27,73,224,4,blue
229,217,28,0,yellow
150,28,179,3,violet
239,234,38,0,yellow
14,9,29,7,black
7,16,20,7,black
21,16,15,7,black
138,45,218,3,violet
216,215,228,6,white
14,52,229,4,blue
224,13,33,2,red
129,30,213,3,violet
4,71,217,4,blue
221,37,27,2,red
255,208,22,0,yellow
20,68,231,4,blue
237,245,219,6,white
37,14,29,7,black
28,34,27,7,black
198,23,30,2,red
224,213,22,0,yellow
40,161,35,5,green
198,0,27,2,red
25,12,21,7,black
255,226,15,0,yellow
37,186,49,5,green
241,237,32,0,yellow
248,241,227,6,white
105,4,224,3,violet
218,225,20,0,yellow
14,14,20,7,black
1,44,215,4,blue
0,173,20,5,green
148,5,178,3,violet
216,223,221,6,white
234,246,232,6,white
125,32,176,3,violet
14,9,14,7,black
217,122,24,1,orange
38,29,13,7,black
233,96,29,1,orange
232,213,237,6,white
255,206,25,0,yellow
249,243,41,0,yellow
220,222,1,0,yellow
226,221,245,6,white
204,26,40,2,red
28,17,2,7,black
20,20,12,7,black
237,132,23,1,orange
230,243,24,0,yellow
209,122,26,1,orange
239,207,33,0,yellow
2,196,31,5,green
149,1,221,3,violet
33,189,17,5,green
131,40,204,3,violet
39,183,26,5,green
226,203,19,0,yellow
239,249,213,6,white
254,133,0,1,orange
35,13,12,7,black
235,244,219,6,white
30,11,28,7,black
209,99,14,1,orange
6,187,5,5,green
243,223,250,6,white
20,8,31,7,black
227,231,218,6,white
4,19,38,7,black
36,25,23,7,black
204,0,37,2,red
250,127,15,1,orange
191,24,27,2,red
24,69,197,4,blue
0,195,12,5,green
229,216,235,6,white
247,104,21,1,orange
9,33,14,7,black
24,15,3,7,black
7,168,47,5,green
232,235,45,0,yellow
24,29,32,7,black
17,49,191,4,blue
38,200,43,5,green
219,127,11,1,orange
224,235,5,0,yellow
225,196,4,0,yellow
0,178,18,5,green
8,62,222,4,blue
238,210,19,0,yellow
3,201,24,5,green
10,188,5,5,green
110,35,180,3,violet
200,5,31,2,red
133,15,175,3,violet
23,16,21,7,black
247,228,249,6,white
37,166,14,5,green
24,178,51,5,green
127,7,187,3,violet
219,125,35,1,orange
150,3,195,3,violet
12,18,36,7,black
3,9,15,7,black
20,38,31,7,black
33,3,27,7,black
233,6,0,2,red
30,37,33,7,black
209,133,21,1,orange
237,224,220,6,white
132,21,198,3,violet
247,248,234,6,white
34,159,14,5,green
240,216,238,6,white
217,239,18,0,yellow
23,68,222,4,blue
214,88,32,1,orange
15,12,11,7,black
13,155,39,5,green
200,34,31,2,red
247,128,31,1,orange
198,25,35,2,red
35,198,39,5,green
13,6,18,7,black
246,213,37,0,yellow
218,87,25,1,orange
216,5,3,2,red
255,221,26,0,yellow
219,0,28,2,red
149,40,206,3,violet
128,29,185,3,violet
210,214,220,6,white
35,194,36,5,green
255,221,16,0,yellow
193,0,1,2,red
242,227,18,0,yellow
32,173,43,5,green
196,14,21,2,red
9,28,33,7,black
215,111,24,1,orange
0,176,10,5,green
20,205,15,5,green
219,249,246,6,white
255,214,33,0,yellow
37,171,32,5,green
233,225,25,0,yellow
19,185,15,5,green
255,230,35,0,yellow
34,188,52,5,green
224,204,31,0,yellow
240,237,1,0,yellow
241,107,39,1,orange
152,36,175,3,violet
21,35,18,7,black
17,57,193,4,blue
232,230,3,0,yellow
236,215,29,0,yellow
243,238,8,0,yellow
236,213,225,6,white
151,9,219,3,violet
5,180,45,5,green
26,73,211,4,blue
192,6,0,2,red
247,225,45,0,yellow
6,61,204,4,blue
30,23,24,7,black
255,238,12,0,yellow
17,41,230,4,blue
123,0,183,3,violet
214,7,0,2,red
208,4,28,2,red
237,223,212,6,white
235,210,0,0,yellow
215,88,15,1,orange
245,126,0,1,orange
215,14,0,2,red
0,71,226,4,blue
246,128,0,1,orange
27,24,36,7,black
218,213,214,6,white
121,1,213,3,violet
252,215,0,0,yellow
14,190,22,5,green
223,243,18,0,yellow
30,32,34,7,black
0,167,42,5,green
0,49,231,4,blue
19,80,235,4,blue
30,167,36,5,green
200,22,7,2,red
108,5,195,3,violet
221,18,2,2,red
33,173,14,5,green
212,34,38,2,red
238,96,25,1,orange
217,235,247,6,white
29,24,13,7,black
10,6,21,7,black
235,244,31,0,yellow
36,56,233,4,blue
0,79,213,4,blue
25,53,226,4,blue
222,126,0,1,orange
248,130,0,1,orange
215,26,17,2,red
253,100,0,1,orange
233,239,3,0,yellow
13,68,197,4,blue
17,161,48,5,green
231,30,0,2,red
248,106,31,1,orange
22,18,28,7,black
224,104,7,1,orange
27,13,2,7,black
242,110,24,1,orange
235,216,43,0,yellow
2,34,5,7,black
0,166,13,5,green
154,0,190,3,violet
11,164,39,5,green
210,112,0,1,orange
221,238,42,0,yellow
213,32,0,2,red
245,242,41,0,yellow
26,85,215,4,blue
155,0,197,3,violet
219,244,221,6,white
8,81,185,4,blue
235,222,15,0,yellow
252,99,18,1,orange
27,185,37,5,green
190,28,28,2,red
35,9,35,7,black
211,101,4,1,orange
209,8,25,2,red
130,16,202,3,violet
210,131,0,1,orange
110,34,217,3,violet
219,119,8,1,orange
225,249,220,6,white
107,43,214,3,violet
232,203,35,0,yellow
229,0,9,2,red
212,32,24,2,red
40,61,199,4,blue
236,217,219,6,white
254,92,23,1,orange
29,79,233,4,blue
40,204,16,5,green
23,14,36,7,black
241,209,23,0,yellow
235,249,228,6,white
196,0,0,2,red
36,16,10,7,black
43,175,11,5,green
13,52,227,4,blue
229,227,236,6,white
38,193,48,5,green
234,226,0,0,yellow
6,4,18,7,black
249,216,0,0,yellow
195,19,15,2,red
0,67,206,4,blue
6,35,26,7,black
144,7,180,3,violet
31,165,11,5,green
155,21,216,3,violet
6,161,24,5,green
250,121,2,1,orange
218,127,30,1,orange
228,244,239,6,white
238,129,4,1,orange
211,220,215,6,white
225,40,9,2,red
11,189,20,5,green
114,44,175,3,violet
211,5,29,2,red
240,110,25,1,orange
228,89,13,1,orange
219,0,10,2,red
229,1,10,2,red
120,25,177,3,violet
214,105,35,1,orange
233,19,0,2,red
111,8,208,3,violet
105,20,182,3,violet
40,62,215,4,blue
228,222,233,6,white
153,0,211,3,violet
15,9,3,7,black
17,166,50,5,green
244,238,227,6,white
215,201,22,0,yellow
235,88,30,1,orange
255,201,26,0,yellow
111,40,178,3,violet
214,7,28,2,red
6,76,221,4,blue
249,217,215,6,white
225,250,244,6,white
239,215,35,0,yellow
247,237,35,0,yellow
113,0,203,3,violet
224,95,32,1,orange
224,213,227,6,white
108,33,175,3,violet
19,38,35,7,black
8,85,217,4,blue
139,0,217,3,violet
228,103,3,1,orange
214,214,219,6,white
149,43,190,3,violet
235,106,5,1,orange
223,238,237,6,white
221,130,26,1,orange
210,110,13,1,orange
241,229,42,0,yellow
220,246,244,6,white
131,10,186,3,violet
2,33,7,7,black
222,111,9,1,orange
246,235,29,0,yellow
255,207,15,0,yellow
234,17,34,2,red
211,242,250,6,white
35,38,37,7,black
210,113,0,1,orange
33,26,19,7,black
238,134,37,1,orange
10,188,36,5,green
7,163,25,5,green
15,15,32,7,black
14,84,209,4,blue
210,220,226,6,white
235,119,40,1,orange
237,229,22,0,yellow
3,18,12,7,black
215,85,10,1,orange
136,24,179,3,violet
207,129,23,1,orange
23,202,14,5,green
255,205,29,0,yellow
117,13,211,3,violet
205,6,0,2,red
211,121,39,1,orange
210,120,8,1,orange
216,117,24,1,orange
129,26,194,3,violet
25,7,29,7,black
233,17,25,2,red
208,97,7,1,orange
11,16,36,7,black
19,78,194,4,blue
25,171,37,5,green
154,39,201,3,violet
255,218,0,0,yellow
32,188,15,5,green
190,0,35,2,red
198,33,10,2,red
207,4,36,2,red
246,224,230,6,white
23,193,46,5,green
185,38,0,2,red
0,166,28,5,green
255,245,10,0,yellow
255,204,21,0,yellow
142,0,204,3,violet
25,29,13,7,black
105,0,205,3,violet
29,11,32,7,black
6,70,219,4,blue
134,4,213,3,violet
142,26,181,3,violet
13,22,16,7,black
234,242,222,6,white
45,176,49,5,green
26,159,9,5,green
244,229,245,6,white
217,134,6,1,orange
128,45,205,3,violet
236,88,0,1,orange
22,182,15,5,green
19,174,36,5,green
255,225,36,0,yellow
17,37,20,7,black
5,2,10,7,black
217,97,0,1,orange
12,9,6,7,black
234,218,210,6,white
150,19,201,3,violet
34,71,209,4,blue
255,220,30,0,yellow
251,115,12,1,orange
240,250,241,6,white
240,96,8,1,orange
247,122,22,1,orange
255,224,39,0,yellow
225,218,219,6,white
30,37,225,4,blue
245,201,10,0,yellow
214,248,233,6,white
108,3,194,3,violet
185,33,21,2,red
20,65,219,4,blue
20,42,187,4,blue
0,69,186,4,blue
23,15,27,7,black
33,12,4,7,black
6,7,25,7,black
127,38,185,3,violet
35,171,54,5,green
131,26,210,3,violet
28,168,20,5,green
206,0,0,2,red
10,56,195,4,blue
154,2,193,3,violet
39,170,12,5,green
246,228,37,0,yellow
155,10,179,3,violet
224,207,13,0,yellow
36,29,33,7,black
113,25,188,3,violet
220,238,15,0,yellow
113,4,197,3,violet
27,167,15,5,green
190,35,31,2,red
39,39,230,4,blue
29,27,23,7,black
37,48,229,4,blue
42,168,29,5,green
250,215,34,0,yellow
7,201,52,5,green
201,21,27,2,red
36,198,21,5,green
205,35,14,2,red
0,52,202,4,blue
143,41,206,3,violet
230,199,23,0,yellow
213,231,225,6,white
243,222,247,6,white
142,35,196,3,violet
34,82,215,4,blue
30,78,219,4,blue
26,26,19,7,black
221,221,219,6,white
111,1,175,3,violet
253,106,40,1,orange
192,8,0,2,red
187,0,10,2,red
255,212,44,0,yellow
229,241,235,6,white
235,0,28,2,red
224,95,0,1,orange
240,115,1,1,orange
227,34,23,2,red
241,237,238,6,white
110,13,203,3,violet
246,89,9,1,orange
151,41,222,3,violet
114,21,195,3,violet
250,248,214,6,white
6,7,13,7,black
241,247,244,6,white
13,11,33,7,black
120,0,187,3,violet
129,43,216,3,violet
17,202,35,5,green
0,64,191,4,blue
195,33,8,2,red
40,160,5,5,green
238,118,34,1,orange
211,214,216,6,white
202,0,34,2,red
36,5,19,7,black
250,195,28,0,yellow
255,223,23,0,yellow
42,164,18,5,green
245,223,35,0,yellow
145,0,198,3,violet
242,219,214,6,white
244,135,12,1,orange
34,175,42,5,green
206,109,33,1,orange
216,219,16,0,yellow
253,119,0,1,orange
2,51,216,4,blue
205,23,33,2,red
221,224,250,6,white
136,13,220,3,violet
17,180,13,5,green
105,1,215,3,violet
2,47,188,4,blue
210,102,39,1,orange
1,78,217,4,blue
119,26,218,3,violet
32,24,2,7,black
9,4,3,7,black
207,91,30,1,orange
190,23,35,2,red
249,124,27,1,orange
219,10,39,2,red
189,0,0,2,red
34,74,215,4,blue
32,62,219,4,blue
34,37,32,7,black
222,0,27,2,red
241,205,7,0,yellow
218,131,0,1,orange
236,221,250,6,white
197,28,15,2,red
234,123,27,1,orange
13,85,199,4,blue
229,85,0,1,orange
141,0,194,3,violet
242,131,14,1,orange
222,244,226,6,white
5,80,203,4,blue
17,32,36,7,black
238,222,0,0,yellow
242,214,219,6,white
27,16,38,7,black
218,29,34,2,red
243,226,216,6,white
214,0,0,2,red
255,232,30,0,yellow
39,198,29,5,green
3,164,38,5,green
26,36,230,4,blue
215,19,22,2,red
1,81,209,4,blue
213,128,36,1,orange
16,6,5,7,black
8,17,2,7,black
3,30,19,7,black
19,28,37,7,black
219,8,18,2,red
7,47,226,4,blue
232,221,225,6,white
251,234,37,0,yellow
219,250,216,6,white
30,51,220,4,blue
16,39,226,4,blue
45,165,18,5,green
227,222,221,6,white
22,174,14,5,green
230,113,25,1,orange
23,34,28,7,black
29,202,39,5,green
0,84,211,4,blue
222,27,7,2,red
22,56,188,4,blue
235,117,39,1,orange
0,39,202,4,blue
207,103,31,1,orange
148,33,177,3,violet
1,203,12,5,green
240,117,31,1,orange
248,105,14,1,orange
4,175,15,5,green
26,65,227,4,blue
29,48,230,4,blue
38,11,10,7,black
211,231,233,6,white
21,46,231,4,blue
236,135,20,1,orange
233,230,3,0,yellow
2,70,227,4,blue
150,18,211,3,violet
155,0,206,3,violet
40,84,222,4,blue
11,177,52,5,green
147,28,179,3,violet
235,19,2,2,red
0,157,19,5,green
26,18,17,7,black
45,183,49,5,green
217,129,0,1,orange
240,235,247,6,white
18,23,14,7,black
37,83,188,4,blue
116,35,223,3,violet
232,215,10,0,yellow
3,167,52,5,green
125,6,176,3,violet
15,22,5,7,black
216,223,15,0,yellow
33,168,52,5,green
152,0,223,3,violet
211,101,31,1,orange
247,195,37,0,yellow
11,83,188,4,blue
31,166,6,5,green
26,21,36,7,black
32,198,14,5,green
244,230,4,0,yellow
43,168,12,5,green
227,39,39,2,red
241,232,42,0,yellow
212,15,36,2,red
30,20,36,7,black
224,205,37,0,yellow
226,103,18,1,orange
14,36,232,4,blue
105,5,216,3,violet
234,21,20,2,red
18,30,31,7,black
202,4,0,2,red
3,29,10,7,black
197,0,29,2,red
255,119,8,1,orange
123,30,206,3,violet
230,241,37,0,yellow
211,134,5,1,orange
247,218,236,6,white
218,211,19,0,yellow
24,184,33,5,green
36,71,206,4,blue
246,199,31,0,yellow
230,217,235,6,white
188,0,14,2,red
9,80,214,4,blue
254,213,39,0,yellow
0,178,34,5,green
229,113,36,1,orange
24,14,20,7,black
215,217,217,6,white
110,22,221,3,violet
121,39,190,3,violet
7,38,34,7,black
121,44,223,3,violet
212,219,229,6,white
15,28,24,7,black
236,106,30,1,orange
220,91,8,1,orange
123,6,189,3,violet
14,161,40,5,green
23,53,224,4,blue
208,30,19,2,red
2,4,8,7,black
220,211,225,6,white
43,161,20,5,green
216,28,29,2,red
217,127,23,1,orange
255,231,13,0,yellow
128,23,214,3,violet
224,243,248,6,white
122,36,214,3,violet
0,48,228,4,blue
185,5,25,2,red
237,94,0,1,orange
252,101,27,1,orange
240,224,210,6,white
249,93,20,1,orange
20,13,9,7,black
124,25,193,3,violet
254,98,33,1,orange
30,185,44,5,green
125,0,215,3,violet
23,160,35,5,green
22,38,31,7,black
12,2,21,7,black
11,16,10,7,black
37,187,54,5,green
1,176,37,5,green
11,36,200,4,blue
255,210,38,0,yellow
232,211,249,6,white
1,40,189,4,blue
37,19,22,7,black
115,30,198,3,violet
38,46,194,4,blue
239,230,2,0,yellow
239,227,28,0,yellow
205,21,27,2,red
242,209,6,0,yellow
248,208,30,0,yellow
13,30,23,7,black
14,9,7,7,black
116,21,210,3,violet
221,115,39,1,orange
250,93,34,1,orange
255,236,4,0,yellow
14,80,207,4,blue
148,38,209,3,violet
219,229,8,0,yellow
2,10,4,7,black
221,233,22,0,yellow
211,238,221,6,white
0,166,17,5,green
135,23,202,3,violet
1,54,185,4,blue
36,193,55,5,green
0,199,18,5,green
4,40,201,4,blue
117,5,196,3,violet
242,91,11,1,orange
145,45,224,3,violet
14,84,201,4,blue
135,22,176,3,violet
4,84,231,4,blue
255,211,24,0,yellow
6,83,213,4,blue
211,249,215,6,white
25,2,30,7,black
216,242,235,6,white
8,7,22,7,black
6,46,197,4,blue
148,25,197,3,violet
244,130,8,1,orange
155,0,199,3,violet
37,7,20,7,black
214,246,218,6,white
7,38,26,7,black
0,48,185,4,blue
189,40,24,2,red
212,245,212,6,white
139,7,196,3,violet
151,41,198,3,violet
37,67,228,4,blue
23,32,2,7,black
209,4,0,2,red
108,36,199,3,violet
116,36,222,3,violet
25,185,11,5,green
34,32,3,7,black
130,40,212,3,violet
0,66,217,4,blue
25,19,23,7,black
218,223,227,6,white
251,245,0,0,yellow
230,230,214,6,white
32,181,15,5,green
0,59,214,4,blue
239,109,0,1,orange
32,185,7,5,green
230,225,34,0,yellow
0,79,216,4,blue
23,49,204,4,blue
38,3,4,7,black
235,210,237,6,white
214,86,19,1,orange
224,93,14,1,orange
12,79,210,4,blue
24,167,46,5,green
209,99,14,1,orange
241,128,36,1,orange
110,45,192,3,violet
229,246,249,6,white
106,38,183,3,violet
206,0,19,2,red
190,3,36,2,red
229,20,27,2,red
40,186,43,5,green
27,163,14,5,green
217,15,0,2,red
24,178,26,5,green
37,81,205,4,blue
227,228,242,6,white
217,213,25,0,yellow
8,80,223,4,blue
215,234,17,0,yellow
106,22,211,3,violet
37,28,5,7,black
252,101,2,1,orange
237,135,0,1,orange
117,38,176,3,violet
212,242,237,6,white
20,25,32,7,black
212,228,218,6,white
226,229,212,6,white
239,231,0,0,yellow
23,44,220,4,blue
30,35,200,4,blue
192,27,28,2,red
136,19,185,3,violet
0,74,194,4,blue
152,2,211,3,violet
242,86,35,1,orange
197,34,8,2,red
38,3,5,7,black
207,16,12,2,red
234,243,19,0,yellow
4,10,36,7,black
248,214,214,6,white
254,112,31,1,orange
222,220,220,6,white
224,114,6,1,orange
220,249,240,6,white
15,13,24,7,black
11,35,27,7,black
33,80,202,4,blue
105,24,214,3,violet
16,81,204,4,blue
11,19,16,7,black
214,107,9,1,orange
0,51,206,4,blue
237,233,230,6,white
220,247,232,6,white
233,87,0,1,orange
233,231,236,6,white
7,10,33,7,black
0,194,7,5,green
126,31,203,3,violet
0,52,202,4,blue
216,240,242,6,white
234,0,7,2,red
255,202,7,0,yellow
232,19,7,2,red
0,79,198,4,blue
0,48,216,4,blue
128,0,179,3,violet
6,58,214,4,blue
204,0,26,2,red
137,8,219,3,violet
22,21,35,7,black
8,81,228,4,blue
220,241,22,0,yellow
13,6,14,7,black
255,225,12,0,yellow
246,111,4,1,orange
188,30,31,2,red
208,85,18,1,orange
232,240,225,6,white
234,234,36,0,yellow
220,10,39,2,red
15,54,229,4,blue
189,0,0,2,red
230,117,37,1,orange
219,216,228,6,white
232,238,245,6,white
35,9,6,7,black
242,95,31,1,orange
228,211,37,0,yellow
230,230,222,6,white
0,67,210,4,blue
211,38,30,2,red
219,218,225,6,white
250,207,40,0,yellow
110,30,217,3,violet
242,85,39,1,orange
233,239,24,0,yellow
232,24,22,2,red
21,27,10,7,black
223,5,26,2,red
245,94,9,1,orange
0,83,228,4,blue
6,31,5,7,black
0,76,187,4,blue
12,46,200,4,blue
8,37,24,7,black
0,56,203,4,blue
135,16,193,3,violet
26,4,24,7,black
240,120,0,1,orange
23,181,40,5,green
243,216,6,0,yellow
227,244,220,6,white
18,61,225,4,blue
255,229,0,0,yellow
12,51,192,4,blue
203,19,0,2,red
153,3,207,3,violet
206,0,29,2,red
240,105,35,1,orange
218,231,30,0,yellow
35,80,192,4,blue
6,180,37,5,green
205,0,0,2,red
209,25,14,2,red
21,201,15,5,green
147,22,187,3,violet
136,38,220,3,violet
153,19,186,3,violet
255,233,0,0,yellow
213,237,223,6,white
234,249,234,6,white
223,24,23,2,red
244,128,37,1,orange
255,215,19,0,yellow
229,28,40,2,red
16,184,38,5,green
241,123,15,1,orange
38,29,21,7,black
5,72,217,4,blue
236,221,39,0,yellow
215,12,16,2,red
219,238,9,0,yellow
225,235,243,6,white
223,245,29,0,yellow
239,242,217,6,white
25,179,29,5,green
34,22,33,7,black
38,61,189,4,blue
211,38,0,2,red
29,179,53,5,green
10,14,7,7,black
10,38,26,7,black
146,38,225,3,violet
203,6,24,2,red
252,230,4,0,yellow
25,36,17,7,black
2,13,25,7,black
255,243,26,0,yellow
227,213,211,6,white
13,195,32,5,green
0,191,21,5,green
23,82,201,4,blue
21,22,32,7,black
149,33,206,3,violet
18,68,196,4,blue
30,14,10,7,black
34,52,216,4,blue
11,8,34,7,black
32,52,194,4,blue
205,85,34,1,orange
255,215,8,0,yellow
196,20,0,2,red
130,24,180,3,violet
20,74,223,4,blue
6,13,11,7,black
214,222,222,6,white
221,237,210,6,white
217,17,39,2,red
229,108,1,1,orange
29,202,17,5,green
236,233,4,0,yellow
222,239,224,6,white
205,22,34,2,red
203,19,28,2,red
13,199,6,5,green
36,167,43,5,green
0,179,31,5,green
216,22,6,2,red
231,237,0,0,yellow
231,241,248,6,white
248,130,9,1,orange
38,193,33,5,green
5,24,16,7,black
20,26,19,7,black
225,234,231,6,white
210,211,211,6,white
0,57,220,4,blue
40,205,55,5,green
22,68,209,4,blue
40,186,20,5,green
242,232,20,0,yellow
214,16,18,2,red
118,27,177,3,violet
132,37,175,3,violet
19,161,52,5,green
251,89,25,1,orange
214,237,250,6,white
192,19,0,2,red
7,71,208,4,blue
29,10,15,7,black
229,233,211,6,white
228,10,4,2,red
24,37,27,7,black
26,58,228,4,blue
4,17,14,7,black
233,37,38,2,red
5,57,191,4,blue
145,23,212,3,violet
0,85,208,4,blue
35,176,55,5,green
229,40,39,2,red
186,1,14,2,red
1,179,53,5,green
43,186,25,5,green
4,12,35,7,black
240,243,214,6,white
32,182,47,5,green
8,37,205,4,blue
16,36,37,7,black
219,216,1,0,yellow
153,27,198,3,violet
31,20,15,7,black
233,249,232,6,white
21,74,229,4,blue
16,29,22,7,black
9,170,42,5,green
106,21,215,3,violet
236,92,16,1,orange
212,117,33,1,orange
32,179,8,5,green
9,164,23,5,green
205,90,0,1,orange
31,41,206,4,blue
245,131,5,1,orange
149,8,204,3,violet
3,188,7,5,green
25,166,35,5,green
30,13,9,7,black
28,59,212,4,blue
203,28,0,2,red
234,237,21,0,yellow
135,27,176,3,violet
248,223,211,6,white
8,72,192,4,blue
11,41,208,4,blue
222,39,2,2,red
6,22,19,7,black
14,168,51,5,green
199,0,0,2,red
225,239,219,6,white
25,38,8,7,black
23,4,11,7,black
34,67,211,4,blue
34,74,235,4,blue
106,45,184,3,violet
219,225,23,0,yellow
9,31,9,7,black
34,13,26,7,black
21,36,37,7,black
229,220,218,6,white
45,180,49,5,green
219,244,233,6,white
0,78,204,4,blue
241,231,242,6,white
29,4,34,7,black
28,181,46,5,green
22,29,25,7,black
0,64,196,4,blue
16,51,218,4,blue
5,30,27,7,black
254,221,12,0,yellow
35,45,217,4,blue
12,75,220,4,blue
147,39,177,3,violet
232,220,222,6,white
190,0,16,2,red
213,90,11,1,orange
40,176,39,5,green
232,223,233,6,white
36,5,31,7,black
232,38,24,2,red
38,35,223,4,blue
224,93,0,1,orange
227,130,29,1,orange
217,243,250,6,white
2,13,31,7,black
117,26,186,3,violet
217,88,5,1,orange
226,212,39,0,yellow
225,224,19,0,yellow
20,60,187,4,blue
7,160,10,5,green
32,35,27,7,black
230,17,13,2,red
0,38,202,4,blue
229,34,18,2,red
43,165,36,5,green
234,234,29,0,yellow
29,29,26,7,black
20,31,6,7,black
6,67,185,4,blue
34,158,50,5,green
10,14,22,7,black
216,125,32,1,orange
238,227,9,0,yellow
146,23,219,3,violet
220,29,37,2,red
36,29,12,7,black
239,96,13,1,orange
248,126,15,1,orange
230,218,219,6,white
193,0,0,2,red
0,73,187,4,blue
12,191,21,5,green
245,104,36,1,orange
248,122,0,1,orange
2,38,25,7,black
255,240,26,0,yellow
7,28,14,7,black
14,179,17,5,green
251,208,24,0,yellow
237,234,230,6,white
32,51,204,4,blue
225,247,229,6,white
216,224,0,0,yellow
20,27,19,7,black
28,41,203,4,blue
33,170,44,5,green
12,11,32,7,black
27,61,225,4,blue
220,227,36,0,yellow
230,236,234,6,white
137,0,224,3,violet
222,4,0,2,red
20,13,14,7,black
112,44,180,3,violet
209,1,28,2,red
19,56,191,4,blue
141,16,214,3,violet
0,158,9,5,green
146,0,195,3,violet
27,33,19,7,black
0,55,198,4,blue
216,134,0,1,orange
31,160,40,5,green
5,38,37,7,black
33,55,211,4,blue
215,219,11,0,yellow
243,238,225,6,white
107,10,185,3,violet
249,202,19,0,yellow
30,196,8,5,green
148,26,189,3,violet
16,13,37,7,black
215,219,213,6,white
30,31,36,7,black
114,23,179,3,violet
208,86,0,1,orange
24,21,38,7,black
144,11,196,3,violet
147,36,207,3,violet
108,44,199,3,violet
255,235,11,0,yellow
229,236,229,6,white
14,64,227,4,blue
244,235,243,6,white
37,2,24,7,black
20,203,27,5,green
149,36,187,3,violet
220,212,23,0,yellow
234,230,19,0,yellow
247,217,238,6,white
33,23,38,7,black
199,14,33,2,red
216,250,211,6,white
236,220,237,6,white
38,31,27,7,black
196,1,35,2,red
216,217,218,6,white
237,215,237,6,white
243,119,16,1,orange
14,84,209,4,blue
212,26,22,2,red
0,49,211,4,blue
234,240,222,6,white
27,30,16,7,black
117,12,225,3,violet
222,224,3,0,yellow
109,41,190,3,violet
229,0,0,2,red
141,27,206,3,violet
36,176,9,5,green
37,156,18,5,green
5,35,211,4,blue
36,167,32,5,green
10,199,24,5,green
229,110,5,1,orange
30,186,17,5,green
112,0,182,3,violet
1,197,48,5,green
225,218,217,6,white
12,8,7,7,black
241,99,18,1,orange
208,104,32,1,orange
115,5,176,3,violet
248,98,7,1,orange
243,228,232,6,white
255,128,10,1,orange
25,2,32,7,black
231,23,9,2,red
40,204,43,5,green
255,236,0,0,yellow
255,210,12,0,yellow
7,75,188,4,blue
212,119,0,1,orange
18,78,203,4,blue
205,130,33,1,orange
27,16,29,7,black
35,203,45,5,green
129,8,204,3,violet
193,19,36,2,red
132,6,213,3,violet
212,230,219,6,white
29,22,2,7,black
25,23,34,7,black
199,0,40,2,red
223,37,14,2,red
229,11,23,2,red
255,233,4,0,yellow
188,31,13,2,red
229,248,214,6,white
124,18,202,3,violet
255,203,3,0,yellow
17,196,45,5,green
13,59,213,4,blue
224,238,25,0,yellow
0,63,208,4,blue
24,180,43,5,green
227,113,0,1,orange
215,105,35,1,orange
224,247,243,6,white
216,1,29,2,red
18,202,6,5,green
18,183,52,5,green
230,134,27,1,orange
240,133,1,1,orange
4,24,17,7,black
255,208,36,0,yellow
255,212,10,0,yellow
234,25,37,2,red
13,68,223,4,blue
35,65,232,4,blue
233,246,247,6,white
230,234,240,6,white
250,132,40,1,orange
218,112,0,1,orange
19,182,49,5,green
5,2,24,7,black
223,31,2,2,red
23,79,206,4,blue
227,228,213,6,white
36,11,29,7,black
36,179,23,5,green
24,9,12,7,black
144,0,178,3,violet
227,96,1,1,orange
226,0,39,2,red
17,161,9,5,green
112,1,225,3,violet
155,3,208,3,violet
131,0,205,3,violet
236,107,26,1,orange
0,164,26,5,green
222,27,10,2,red
249,94,22,1,orange
10,79,219,4,blue
243,123,8,1,orange
250,216,17,0,yellow
223,233,234,6,white
191,19,9,2,red
230,234,216,6,white
11,71,210,4,blue
213,130,31,1,orange
212,96,13,1,orange
240,99,37,1,orange
149,2,200,3,violet
223,238,219,6,white
43,159,36,5,green
247,106,11,1,orange
243,87,36,1,orange
28,35,233,4,blue
113,25,192,3,violet
222,0,0,2,red
252,233,36,0,yellow
237,105,14,1,orange
248,118,29,1,orange
23,174,39,5,green
43,184,5,5,green
45,162,11,5,green
29,25,9,7,black
40,66,219,4,blue
37,72,228,4,blue
238,230,1,0,yellow
215,216,215,6,white
238,214,220,6,white
255,123,22,1,orange
222,237,234,6,white
222,244,20,0,yellow
138,32,209,3,violet
246,228,216,6,white
13,18,28,7,black
3,57,230,4,blue
155,4,198,3,violet
29,180,19,5,green
5,53,193,4,blue
224,30,33,2,red
13,40,228,4,blue
211,2,37,2,red
246,135,0,1,orange
2,20,37,7,black
4,53,201,4,blue
28,10,23,7,black
13,7,6,7,black
14,175,54,5,green
111,20,219,3,violet
216,132,22,1,orange
34,21,9,7,black
10,160,53,5,green
206,16,12,2,red
27,176,31,5,green
215,218,243,6,white
26,31,2,7,black
20,173,44,5,green
27,83,218,4,blue
19,155,47,5,green
33,162,23,5,green
243,124,2,1,orange
147,33,212,3,violet
224,34,0,2,red
1,205,9,5,green
6,65,194,4,blue
226,231,230,6,white
220,5,2,2,red
255,222,5,0,yellow
244,134,18,1,orange
225,24,29,2,red
204,28,11,2,red
20,182,29,5,green
241,231,38,0,yellow
220,24,36,2,red
0,63,196,4,blue
212,228,246,6,white
6,33,8,7,black
215,34,0,2,red
25,171,13,5,green
3,194,5,5,green
220,102,15,1,orange
220,235,247,6,white
196,27,37,2,red
213,38,28,2,red
239,107,16,1,orange
210,92,36,1,orange
115,34,188,3,violet
240,195,11,0,yellow
0,73,215,4,blue
11,32,13,7,black
41,183,33,5,green
211,215,240,6,white
221,223,1,0,yellow
118,23,203,3,violet
224,0,27,2,red
236,203,0,0,yellow
28,66,198,4,blue
154,39,201,3,violet
213,247,229,6,white
238,135,13,1,orange
129,28,195,3,violet
247,209,34,0,yellow
25,184,25,5,green
225,112,37,1,orange
106,17,191,3,violet
0,156,33,5,green
241,235,31,0,yellow
216,3,32,2,red
221,211,230,6,white
194,37,33,2,red
255,224,39,0,yellow
197,0,20,2,red
0,176,19,5,green
252,124,2,1,orange
227,228,237,6,white
154,33,214,3,violet
105,44,194,3,violet
208,96,4,1,orange
45,204,23,5,green
2,201,52,5,green
250,209,32,0,yellow
147,5,175,3,violet
236,229,24,0,yellow
9,155,29,5,green
35,16,36,7,black
247,245,243,6,white
217,227,247,6,white
146,0,197,3,violet
251,199,3,0,yellow
14,2,36,7,black
235,95,4,1,orange
26,20,36,7,black
147,28,193,3,violet
35,174,35,5,green
0,188,36,5,green
234,232,32,0,yellow
16,67,213,4,blue
21,166,16,5,green
224,85,15,1,orange
222,90,9,1,orange
34,26,6,7,black
0,83,185,4,blue
215,131,17,1,orange
212,233,250,6,white
37,5,7,7,black
11,17,33,7,black
219,0,31,2,red
11,11,12,7,black
34,38,12,7,black
232,85,23,1,orange
3,45,235,4,blue
222,212,212,6,white
192,4,0,2,red
145,24,223,3,violet
242,249,212,6,white
40,200,13,5,green
255,211,40,0,yellow
29,66,202,4,blue
23,162,47,5,green
0,169,16,5,green
252,129,30,1,orange
15,190,40,5,green
31,53,214,4,blue
13,22,31,7,black
208,19,29,2,red
190,11,19,2,red
235,16,37,2,red
25,174,28,5,green
40,49,186,4,blue
233,9,30,2,red
202,23,18,2,red
251,234,0,0,yellow
233,101,12,1,orange
40,66,187,4,blue
27,36,26,7,black
221,0,0,2,red
10,165,25,5,green
0,193,22,5,green
0,44,234,4,blue
197,0,0,2,red
130,1,183,3,violet
23,203,17,5,green
234,200,10,0,yellow
32,33,37,7,black
16,49,227,4,blue
16,38,28,7,black
217,198,30,0,yellow
31,173,5,5,green
250,126,9,1,orange
222,250,219,6,white
245,196,18,0,yellow
229,126,14,1,orange
142,41,204,3,violet
18,42,187,4,blue
152,1,225,3,violet
5,203,20,5,green
221,244,231,6,white
154,18,218,3,violet
219,222,215,6,white
227,215,228,6,white
41,187,52,5,green
212,228,231,6,white
241,243,226,6,white
30,10,38,7,black
255,133,4,1,orange
233,25,1,2,red
232,126,0,1,orange
250,223,5,0,yellow
232,99,20,1,orange
8,175,49,5,green
220,127,5,1,orange
26,27,8,7,black
210,237,232,6,white
24,12,11,7,black
35,43,234,4,blue
219,96,23,1,orange
24,13,32,7,black
35,15,28,7,black
15,51,188,4,blue
24,47,215,4,blue
227,204,18,0,yellow
232,30,37,2,red
150,45,194,3,violet
234,245,25,0,yellow
0,45,228,4,blue
226,114,40,1,orange
254,242,1,0,yellow
123,0,206,3,violet
2,8,9,7,black
147,1,199,3,violet
229,126,3,1,orange
145,27,188,3,violet
223,239,247,6,white
249,203,12,0,yellow
212,90,20,1,orange
239,230,226,6,white
10,165,30,5,green
199,10,12,2,red
255,201,5,0,yellow
122,26,220,3,violet
0,35,205,4,blue
25,21,7,7,black
227,89,40,1,orange
20,157,49,5,green
121,39,194,3,violet
210,230,239,6,white
132,25,193,3,violet
0,164,14,5,green
233,105,0,1,orange
255,236,14,0,yellow
188,32,8,2,red
11,60,222,4,blue
25,163,26,5,green
148,3,220,3,violet
218,98,0,1,orange
218,205,19,0,yellow
9,197,33,5,green
42,205,55,5,green
36,167,53,5,green
133,24,223,3,violet
0,56,206,4,blue
185,34,36,2,red
188,13,25,2,red
222,110,0,1,orange
129,20,181,3,violet
211,224,216,6,white
22,159,15,5,green
138,4,182,3,violet
241,216,227,6,white
117,40,213,3,violet
213,30,13,2,red
0,82,207,4,blue
217,118,0,1,orange
24,189,28,5,green
18,55,202,4,blue
16,164,20,5,green
15,169,47,5,green
150,0,211,3,violet
228,31,35,2,red
236,239,218,6,white
153,19,202,3,violet
226,244,35,0,yellow
244,92,8,1,orange
17,2,11,7,black
22,45,233,4,blue
255,206,5,0,yellow
7,164,48,5,green
208,16,0,2,red
245,247,230,6,white
0,168,19,5,green
217,29,0,2,red
134,27,193,3,violet
0,156,5,5,green
22,9,23,7,black
35,32,22,7,black
37,205,44,5,green
214,121,26,1,orange
193,0,2,2,red
27,27,20,7,black
23,205,8,5,green
212,119,12,1,orange
128,0,222,3,violet
24,37,38,7,black
216,220,32,0,yellow
29,21,12,7,black
26,12,6,7,black
223,215,34,0,yellow
31,31,3,7,black
26,27,21,7,black
240,124,34,1,orange
2,185,13,5,green
208,90,7,1,orange
192,38,7,2,red
253,211,0,0,yellow
22,41,188,4,blue
197,0,0,2,red
4,38,223,4,blue
206,0,0,2,red
32,84,220,4,blue
214,224,215,6,white
238,228,12,0,yellow
246,207,2,0,yellow
131,21,204,3,violet
144,21,199,3,violet
4,22,29,7,black
244,102,36,1,orange
216,235,27,0,yellow
247,235,2,0,yellow
15,188,41,5,green
228,11,40,2,red
24,71,203,4,blue
219,228,29,0,yellow
5,170,34,5,green
23,80,215,4,blue
232,203,1,0,yellow
248,233,13,0,yellow
246,105,1,1,orange
0,170,47,5,green
38,174,44,5,green
147,11,189,3,violet
4,40,222,4,blue
13,64,234,4,blue
30,33,32,7,black
4,181,25,5,green
137,34,186,3,violet
21,24,33,7,black
255,225,40,0,yellow
0,71,212,4,blue
38,56,192,4,blue
255,204,10,0,yellow
9,6,32,7,black
219,39,0,2,red
140,29,225,3,violet
25,62,226,4,blue
40,160,29,5,green
255,213,9,0,yellow
236,212,223,6,white
236,118,30,1,orange
224,238,225,6,white
227,8,16,2,red
239,85,39,1,orange
219,120,31,1,orange
236,93,35,1,orange
0,74,214,4,blue
155,31,185,3,violet
209,30,24,2,red
138,16,223,3,violet
220,243,246,6,white
199,18,12,2,red
0,38,213,4,blue
213,125,15,1,orange
250,231,247,6,white
8,2,6,7,black
252,134,7,1,orange
30,164,47,5,green
29,54,235,4,blue
30,41,202,4,blue
113,40,205,3,violet
236,245,21,0,yellow
11,22,22,7,black
231,30,21,2,red
153,20,209,3,violet
34,42,222,4,blue
20,46,200,4,blue
122,36,201,3,violet
12,80,220,4,blue
212,118,0,1,orange
237,222,42,0,yellow
2,37,36,7,black
150,0,194,3,violet
154,14,221,3,violet
29,74,206,4,blue
243,129,38,1,orange
211,211,247,6,white
240,223,218,6,white
219,236,0,0,yellow
225,102,23,1,orange
214,119,10,1,orange
3,21,16,7,black
15,4,24,7,black
22,2,12,7,black
255,216,8,0,yellow
235,25,1,2,red
34,55,217,4,blue
228,207,29,0,yellow
209,34,39,2,red
211,215,229,6,white
234,40,0,2,red
243,203,22,0,yellow
234,29,5,2,red
7,66,231,4,blue
223,241,31,0,yellow
233,231,249,6,white
250,195,30,0,yellow
35,195,44,5,green
151,12,215,3,violet
31,68,234,4,blue
242,242,15,0,yellow
20,16,11,7,black
237,223,36,0,yellow
26,84,222,4,blue
204,0,3,2,red
218,2,13,2,red
126,22,186,3,violet
225,240,237,6,white
211,10,18,2,red
218,0,6,2,red
148,43,181,3,violet
36,5,6,7,black
255,207,13,0,yellow
248,227,7,0,yellow
1,44,232,4,blue
217,4,2,2,red
218,240,210,6,white
252,212,0,0,yellow
0,74,230,4,blue
194,15,15,2,red
15,31,23,7,black
237,195,6,0,yellow
12,46,186,4,blue
232,234,29,0,yellow
32,161,38,5,green
253,118,2,1,orange
152,0,204,3,violet
191,1,12,2,red
232,32,2,2,red
240,228,0,0,yellow
193,0,20,2,red
236,216,215,6,white
28,54,196,4,blue
2,11,31,7,black
228,91,0,1,orange
13,10,30,7,black
16,11,24,7,black
203,32,21,2,red
33,82,186,4,blue
224,210,3,0,yellow
34,197,15,5,green
111,37,177,3,violet
236,237,2,0,yellow
10,41,219,4,blue
228,244,3,0,yellow
19,157,43,5,green
153,18,177,3,violet
120,14,177,3,violet
255,224,4,0,yellow
251,208,0,0,yellow
216,31,0,2,red
30,160,37,5,green
227,86,20,1,orange
142,7,209,3,violet
6,78,207,4,blue
110,43,194,3,violet
235,224,23,0,yellow
246,246,249,6,white
19,55,195,4,blue
248,244,250,6,white
255,202,0,0,yellow
226,228,248,6,white
235,236,218,6,white
202,0,0,2,red
1,198,15,5,green
220,3,0,2,red
186,21,0,2,red
194,18,24,2,red
42,171,48,5,green
38,191,50,5,green
37,175,37,5,green
24,25,3,7,black
105,14,178,3,violet
233,223,235,6,white
207,104,8,1,orange
126,0,185,3,violet
219,214,248,6,white
243,227,238,6,white
227,226,221,6,white
255,242,18,0,yellow
17,66,195,4,blue
21,53,193,4,blue
36,3,4,7,black
220,242,225,6,white
42,203,47,5,green
235,225,219,6,white
221,109,31,1,orange
0,39,193,4,blue
221,227,44,0,yellow
225,246,244,6,white
224,129,27,1,orange
238,238,42,0,yellow
27,24,35,7,black
19,76,219,4,blue
255,214,16,0,yellow
248,213,242,6,white
41,179,40,5,green
249,93,16,1,orange
15,39,199,4,blue
36,57,193,4,blue
216,227,221,6,white
13,176,51,5,green
216,228,229,6,white
234,223,33,0,yellow
152,9,219,3,violet
225,0,9,2,red
11,191,22,5,green
216,245,235,6,white
231,242,227,6,white
229,222,30,0,yellow
225,116,18,1,orange
235,30,29,2,red
220,125,24,1,orange
227,202,16,0,yellow
212,10,33,2,red
27,85,209,4,blue
227,3,28,2,red
230,0,0,2,red
191,0,24,2,red
215,238,41,0,yellow
214,0,8,2,red
13,4,29,7,black
16,166,21,5,green
212,99,37,1,orange
5,25,31,7,black
189,0,4,2,red
36,61,219,4,blue
111,27,224,3,violet
37,42,200,4,blue
35,33,27,7,black
141,3,215,3,violet
126,32,187,3,violet
15,179,45,5,green
223,214,243,6,white
234,228,245,6,white
25,186,15,5,green
227,24,14,2,red
205,2,16,2,red
122,2,209,3,violet
8,37,18,7,black
250,209,38,0,yellow
209,121,0,1,orange
0,47,209,4,blue
141,6,179,3,violet
133,32,190,3,violet
22,192,15,5,green
227,196,34,0,yellow
5,28,18,7,black
4,38,230,4,blue
36,16,36,7,black
122,38,220,3,violet
14,164,42,5,green
37,83,235,4,blue
214,31,0,2,red
17,186,34,5,green
255,225,28,0,yellow
29,82,186,4,blue
130,33,190,3,violet
138,0,185,3,violet
147,7,205,3,violet
220,215,249,6,white
255,231,19,0,yellow
223,218,224,6,white
8,27,9,7,black
242,95,0,1,orange
210,221,223,6,white
7,61,192,4,blue
255,200,22,0,yellow
255,131,6,1,orange
44,198,49,5,green
36,164,42,5,green
0,156,46,5,green
229,248,213,6,white
231,21,32,2,red
223,87,7,1,orange
15,205,30,5,green
214,40,34,2,red
142,31,220,3,violet
215,32,9,2,red
224,230,248,6,white
110,0,201,3,violet
19,36,220,4,blue
27,160,43,5,green
0,39,217,4,blue
4,173,37,5,green
19,6,26,7,black
15,14,38,7,black
5,48,191,4,blue
4,183,43,5,green
29,37,5,7,black
241,234,224,6,white
0,41,203,4,blue
14,2,10,7,black
5,39,198,4,blue
236,113,10,1,orange
219,195,24,0,yellow
255,225,1,0,yellow
203,8,0,2,red
220,126,29,1,orange
219,200,0,0,yellow
17,85,231,4,blue
197,11,20,2,red
255,236,0,0,yellow
233,107,39,1,orange
33,188,47,5,green
1,197,26,5,green
187,0,24,2,red
248,202,42,0,yellow
0,164,41,5,green
29,7,34,7,black
105,33,205,3,violet
110,44,204,3,violet
42,194,34,5,green
22,196,6,5,green
238,234,43,0,yellow
212,25,18,2,red
224,6,13,2,red
249,211,6,0,yellow
219,236,216,6,white
34,7,23,7,black
234,220,37,0,yellow
247,238,210,6,white
214,130,17,1,orange
18,12,29,7,black
253,240,0,0,yellow
0,55,211,4,blue
223,114,0,1,orange
25,38,32,7,black
0,55,189,4,blue
229,129,20,1,orange
223,210,230,6,white
220,218,212,6,white
13,194,41,5,green
0,40,211,4,blue
201,13,18,2,red
21,52,205,4,blue
217,224,0,0,yellow
246,232,211,6,white
0,43,199,4,blue
225,39,30,2,red
187,2,0,2,red
255,220,22,0,yellow
222,0,26,2,red
214,224,239,6,white
108,35,208,3,violet
13,21,10,7,black
251,86,31,1,orange
44,178,45,5,green
121,21,203,3,violet
38,30,10,7,black
133,39,205,3,violet
9,45,235,4,blue
16,73,232,4,blue
12,159,33,5,green
122,22,208,3,violet
29,70,193,4,blue
215,231,227,6,white
226,114,35,1,orange
3,187,25,5,green
28,77,196,4,blue
0,43,217,4,blue
227,243,219,6,white
238,87,15,1,orange
8,183,14,5,green
0,47,202,4,blue
249,248,246,6,white
25,57,192,4,blue
22,17,7,7,black
189,22,2,2,red
10,31,4,7,black
241,128,29,1,orange
144,1,196,3,violet
4,78,197,4,blue
0,67,189,4,blue
6,8,36,7,black
8,37,24,7,black
145,11,223,3,violet
109,5,207,3,violet
145,37,209,3,violet
13,183,6,5,green
211,103,16,1,orange
39,163,14,5,green
38,72,198,4,blue
108,10,207,3,violet
249,107,26,1,orange
206,134,39,1,orange
135,0,222,3,violet
14,47,216,4,blue
6,78,192,4,blue
7,10,28,7,black
201,0,15,2,red
255,205,14,0,yellow
229,245,244,6,white
235,97,0,1,orange
29,166,30,5,green
44,183,13,5,green
27,40,202,4,blue
201,39,18,2,red
6,40,193,4,blue
150,37,204,3,violet
218,118,20,1,orange
240,199,4,0,yellow
20,34,6,7,black
208,40,0,2,red
24,29,32,7,black
223,236,220,6,white
15,157,41,5,green
3,45,225,4,blue
10,16,29,7,black
6,10,21,7,black
127,45,216,3,violet
253,239,12,0,yellow
122,7,175,3,violet
225,91,35,1,orange
38,6,13,7,black
29,19,13,7,black
6,22,13,7,black
21,33,18,7,black
16,184,47,5,green
20,18,11,7,black
154,24,184,3,violet
0,70,202,4,blue
187,36,0,2,red
17,52,201,4,blue
120,25,206,3,violet
16,76,208,4,blue
218,0,21,2,red
255,213,15,0,yellow
237,97,37,1,orange
12,67,217,4,blue
32,38,202,4,blue
230,36,0,2,red
217,239,240,6,white
244,95,33,1,orange
231,220,3,0,yellow
218,26,29,2,red
121,38,181,3,violet
129,8,216,3,violet
35,56,218,4,blue
255,217,17,0,yellow
4,23,32,7,black
221,22,0,2,red
39,169,35,5,green
34,11,5,7,black
233,35,39,2,red
192,38,10,2,red
221,195,31,0,yellow
225,19,7,2,red
248,93,10,1,orange
24,26,20,7,black
107,44,210,3,violet
16,37,31,7,black
249,234,238,6,white
225,97,19,1,orange
220,208,9,0,yellow
151,0,181,3,violet
1,170,19,5,green
226,216,235,6,white
1,75,232,4,blue
207,33,19,2,red
240,212,0,0,yellow
124,0,215,3,violet
4,171,34,5,green
40,58,206,4,blue
196,0,38,2,red
0,62,218,4,blue
228,130,2,1,orange
219,243,29,0,yellow
224,7,23,2,red
204,22,9,2,red
129,36,216,3,violet
248,135,36,1,orange
205,133,32,1,orange
16,38,3,7,black
15,73,207,4,blue
247,226,11,0,yellow
35,65,217,4,blue
147,34,175,3,violet
212,109,0,1,orange
115,33,206,3,violet
2,188,24,5,green
5,27,19,7,black
219,26,13,2,red
236,223,225,6,white
28,161,54,5,green
10,178,42,5,green
230,25,12,2,red
236,199,27,0,yellow
243,233,211,6,white
15,190,35,5,green
247,226,0,0,yellow
147,12,182,3,violet
29,196,17,5,green
0,38,204,4,blue
204,26,0,2,red
199,6,9,2,red
16,17,18,7,black
228,233,213,6,white
7,195,41,5,green
21,204,51,5,green
139,16,199,3,violet
27,50,190,4,blue
234,22,0,2,red
223,86,23,1,orange
187,23,0,2,red
206,11,15,2,red
222,24,33,2,red
20,168,47,5,green
212,108,35,1,orange
113,43,220,3,violet
233,87,6,1,orange
42,168,16,5,green
226,200,34,0,yellow
110,14,218,3,violet
0,199,27,5,green
43,192,35,5,green
235,101,9,1,orange
254,231,1,0,yellow
229,111,28,1,orange
33,39,195,4,blue
239,212,43,0,yellow
25,65,188,4,blue
230,232,33,0,yellow
215,215,222,6,white
150,32,203,3,violet
18,23,5,7,black
129,36,185,3,violet
246,133,33,1,orange
255,234,2,0,yellow
154,18,204,3,violet
0,35,204,4,blue
241,232,14,0,yellow
21,181,29,5,green
9,85,205,4,blue
125,7,202,3,violet
237,233,11,0,yellow
19,57,212,4,blue
25,5,12,7,black
224,230,233,6,white
255,228,2,0,yellow
221,28,9,2,red
21,177,46,5,green
136,36,217,3,violet
33,201,38,5,green
0,183,52,5,green
229,88,0,1,orange
238,222,231,6,white
20,5,8,7,black
8,45,192,4,blue
22,181,8,5,green
10,68,195,4,blue
1,55,212,4,blue
233,233,211,6,white
113,29,215,3,violet
9,168,8,5,green
0,155,11,5,green
21,187,45,5,green
212,23,15,2,red
32,68,213,4,blue
214,23,0,2,red
219,3,32,2,red
226,215,230,6,white
232,90,8,1,orange
0,63,233,4,blue
112,16,188,3,violet
25,21,7,7,black
9,7,24,7,black
0,52,199,4,blue
220,88,5,1,orange
33,201,36,5,green
248,104,35,1,orange
148,37,205,3,violet
248,213,210,6,white
44,163,39,5,green
3,68,198,4,blue
36,23,22,7,black
40,62,191,4,blue
28,185,11,5,green
0,48,186,4,blue
245,195,17,0,yellow
38,21,10,7,black
232,206,32,0,yellow
151,17,207,3,violet
222,199,20,0,yellow
187,0,26,2,red
15,183,24,5,green
119,39,189,3,violet
249,85,11,1,orange
6,65,214,4,blue
255,204,0,0,yellow
143,20,205,3,violet
27,29,15,7,black
243,202,24,0,yellow
151,21,223,3,violet
210,108,11,1,orange
255,205,39,0,yellow
217,245,218,6,white
37,21,9,7,black
15,41,216,4,blue
28,188,8,5,green
222,235,228,6,white
14,162,39,5,green
249,242,241,6,white
221,0,0,2,red
35,157,55,5,green
153,0,217,3,violet
248,217,3,0,yellow
219,212,44,0,yellow
38,41,199,4,blue
2,53,197,4,blue
34,181,15,5,green
208,22,36,2,red
241,204,21,0,yellow
27,164,33,5,green
211,103,40,1,orange
13,181,6,5,green
234,27,34,2,red
244,240,228,6,white
153,27,206,3,violet
14,4,21,7,black
113,26,220,3,violet
231,242,32,0,yellow
28,59,198,4,blue
114,14,188,3,violet
116,11,181,3,violet
254,242,14,0,yellow
236,217,245,6,white
124,39,213,3,violet
247,202,17,0,yellow
17,198,16,5,green
20,163,45,5,green
248,225,224,6,white
10,2,20,7,black
255,204,21,0,yellow
208,19,0,2,red
0,179,21,5,green
232,250,231,6,white
0,47,223,4,blue
37,70,198,4,blue
243,85,22,1,orange
222,35,2,2,red
222,102,18,1,orange
244,216,226,6,white
30,21,10,7,black
224,18,29,2,red
130,37,222,3,violet
239,201,17,0,yellow
242,122,29,1,orange
132,43,190,3,violet
33,84,197,4,blue
213,37,16,2,red
19,19,33,7,black
249,203,19,0,yellow
235,87,1,1,orange
3,74,230,4,blue
127,0,192,3,violet
224,196,0,0,yellow
105,1,179,3,violet
129,31,185,3,violet
30,181,27,5,green
26,3,31,7,black
221,33,21,2,red
207,0,0,2,red
251,209,41,0,yellow
225,242,23,0,yellow
23,202,20,5,green
0,72,194,4,blue
24,196,47,5,green
13,191,21,5,green
208,1,6,2,red
211,3,0,2,red
255,134,14,1,orange
1,180,41,5,green
8,186,51,5,green
225,219,211,6,white
34,189,52,5,green
13,189,23,5,green
21,78,194,4,blue
221,232,240,6,white
8,180,14,5,green
231,231,236,6,white
249,215,242,6,white
213,100,8,1,orange
212,26,40,2,red
39,55,201,4,blue
28,23,11,7,black
219,95,18,1,orange
9,31,34,7,black
33,172,25,5,green
196,0,34,2,red
218,232,249,6,white
13,48,232,4,blue
216,218,222,6,white
147,2,217,3,violet
255,203,43,0,yellow
212,215,213,6,white
231,86,5,1,orange
241,113,0,1,orange
232,16,2,2,red
0,186,25,5,green
236,249,246,6,white
251,105,7,1,orange
5,79,213,4,blue
221,216,13,0,yellow
29,5,36,7,black
34,33,30,7,black
0,66,204,4,blue
19,37,207,4,blue
16,169,41,5,green
240,241,245,6,white
25,179,9,5,green
24,40,221,4,blue
218,97,0,1,orange
18,62,216,4,blue
22,83,195,4,blue
255,133,39,1,orange
105,1,199,3,violet
239,211,212,6,white
8,164,23,5,green
10,63,196,4,blue
231,120,20,1,orange
148,38,213,3,violet
255,244,30,0,yellow
248,228,234,6,white
217,94,23,1,orange
38,33,2,7,black
223,244,249,6,white
111,38,178,3,violet
233,210,12,0,yellow
141,23,215,3,violet
38,182,52,5,green
220,246,234,6,white
20,53,203,4,blue
19,33,5,7,black
3,179,35,5,green
119,28,212,3,violet
12,61,230,4,blue
15,197,39,5,green
200,23,9,2,red
233,196,37,0,yellow
248,240,220,6,white
20,163,51,5,green
255,209,0,0,yellow
249,93,5,1,orange
4,29,25,7,black
27,80,207,4,blue
216,1,23,2,red
31,182,7,5,green
17,200,49,5,green
229,196,37,0,yellow
199,0,5,2,red
244,237,228,6,white
219,0,37,2,red
255,216,34,0,yellow
148,2,197,3,violet
219,249,238,6,white
32,79,228,4,blue
11,161,26,5,green
0,184,31,5,green
13,13,13,7,black
22,166,33,5,green
4,21,19,7,black
37,200,53,5,green
212,0,8,2,red
246,86,0,1,orange
124,24,190,3,violet
39,58,199,4,blue
226,108,0,1,orange
113,31,206,3,violet
112,2,198,3,violet
249,226,23,0,yellow
0,82,220,4,blue
0,190,8,5,green
18,30,23,7,black
13,58,186,4,blue
255,92,14,1,orange
206,37,0,2,red
133,5,191,3,violet
28,7,34,7,black
212,210,250,6,white
40,60,233,4,blue
153,0,217,3,violet
1,77,221,4,blue
255,215,10,0,yellow
3,173,9,5,green
244,223,0,0,yellow
226,0,20,2,red
28,162,15,5,green
0,71,216,4,blue
250,238,228,6,white
215,239,231,6,white
2,22,17,7,black
223,220,222,6,white
212,128,0,1,orange
215,134,19,1,orange
20,59,215,4,blue
248,226,3,0,yellow
37,191,27,5,green
127,33,209,3,violet
110,31,176,3,violet
232,217,36,0,yellow
242,121,32,1,orange
23,178,53,5,green
126,3,192,3,violet
3,188,14,5,green
243,228,223,6,white
140,23,177,3,violet
255,199,24,0,yellow
252,119,8,1,orange
220,235,222,6,white
36,43,214,4,blue
242,243,221,6,white
234,214,249,6,white
33,26,8,7,black
140,41,186,3,violet
198,31,21,2,red
0,202,26,5,green
206,122,27,1,orange
14,3,34,7,black
192,36,20,2,red
241,211,0,0,yellow
249,213,246,6,white
115,1,204,3,violet
11,8,36,7,black
216,115,29,1,orange
186,0,20,2,red
221,217,44,0,yellow
10,20,31,7,black
0,36,216,4,blue
18,197,14,5,green
37,36,5,7,black
3,203,36,5,green
255,232,43,0,yellow
234,0,0,2,red
196,6,8,2,red
227,240,218,6,white
230,212,37,0,yellow
250,212,34,0,yellow
18,82,212,4,blue
250,96,10,1,orange
36,183,24,5,green
122,33,181,3,violet
153,16,213,3,violet
210,125,24,1,orange
255,237,38,0,yellow
249,198,17,0,yellow
0,77,231,4,blue
36,58,218,4,blue
14,53,223,4,blue
148,16,213,3,violet
0,60,187,4,blue
241,218,38,0,yellow
239,234,245,6,white
212,0,0,2,red
222,220,235,6,white
135,24,219,3,violet
34,27,2,7,black
219,218,230,6,white
241,212,244,6,white
241,94,0,1,orange
124,13,206,3,violet
215,239,221,6,white
218,98,7,1,orange
135,12,219,3,violet
116,7,176,3,violet
188,25,15,2,red
128,15,213,3,violet
208,34,27,2,red
16,186,54,5,green
123,0,199,3,violet
222,213,243,6,white
224,198,23,0,yellow
136,11,196,3,violet
33,171,26,5,green
120,29,202,3,violet
255,212,21,0,yellow
150,0,185,3,violet
255,103,3,1,orange
191,16,1,2,red
217,233,213,6,white
19,42,193,4,blue
13,25,5,7,black
129,13,213,3,violet
6,25,3,7,black
233,30,0,2,red
252,242,43,0,yellow
147,38,184,3,violet
3,204,54,5,green
3,193,45,5,green
0,39,198,4,blue
213,14,33,2,red
230,246,221,6,white
124,22,220,3,violet
17,159,51,5,green
216,28,24,2,red
237,246,216,6,white
0,50,221,4,blue
120,38,213,3,violet
28,37,14,7,black
7,81,227,4,blue
13,27,11,7,black
34,16,24,7,black
20,55,204,4,blue
3,70,231,4,blue
203,3,17,2,red
250,229,249,6,white
207,0,29,2,red
37,200,49,5,green
146,2,216,3,violet
218,210,21,0,yellow
245,103,0,1,orange
202,16,4,2,red
108,17,175,3,violet
227,2,9,2,red
32,168,43,5,green
194,26,36,2,red
0,66,205,4,blue
13,19,8,7,black
210,2,21,2,red
37,56,194,4,blue
239,212,24,0,yellow
255,236,1,0,yellow
13,163,27,5,green
222,203,0,0,yellow
238,223,215,6,white
241,228,226,6,white
234,245,235,6,white
146,37,220,3,violet
18,45,187,4,blue
205,85,32,1,orange
23,2,19,7,black
37,22,22,7,black
10,182,44,5,green
186,1,2,2,red
237,239,220,6,white
17,14,30,7,black
12,73,226,4,blue
244,237,241,6,white
27,31,36,7,black
119,3,202,3,violet
38,33,17,7,black
112,5,184,3,violet
9,66,203,4,blue
30,30,21,7,black
227,25,33,2,red
220,122,10,1,orange
224,244,225,6,white
0,45,208,4,blue
239,243,242,6,white
228,36,15,2,red
30,3,18,7,black
135,31,194,3,violet
0,85,228,4,blue
222,124,28,1,orange
194,0,5,2,red
136,24,204,3,violet
204,7,33,2,red
9,13,11,7,black
35,33,34,7,black
231,236,214,6,white
0,57,214,4,blue
222,220,0,0,yellow
230,31,13,2,red
199,28,4,2,red
193,14,32,2,red
136,20,201,3,violet
10,9,22,7,black
9,58,234,4,blue
202,0,35,2,red
216,109,9,1,orange
221,207,13,0,yellow
222,108,19,1,orange
24,170,52,5,green
219,27,9,2,red
244,115,35,1,orange
252,101,36,1,orange
26,81,221,4,blue
20,21,25,7,black
239,214,230,6,white
13,37,6,7,black
255,234,3,0,yellow
249,197,18,0,yellow
116,23,215,3,violet
37,31,4,7,black
30,63,195,4,blue
255,223,8,0,yellow
213,8,0,2,red
210,1,40,2,red
27,21,38,7,black
242,201,45,0,yellow
141,0,222,3,violet
211,23,3,2,red
229,213,40,0,yellow
10,171,52,5,green
230,106,34,1,orange
227,0,37,2,red
24,2,21,7,black
212,36,10,2,red
216,129,27,1,orange
11,177,45,5,green
153,36,175,3,violet
22,14,30,7,black
137,29,216,3,violet
141,42,192,3,violet
221,14,10,2,red
5,34,20,7,black
20,25,33,7,black
241,229,229,6,white
153,0,180,3,violet
115,31,183,3,violet
212,111,0,1,orange
248,226,242,6,white
211,117,36,1,orange
242,220,210,6,white
255,241,12,0,yellow
186,20,33,2,red
5,21,20,7,black
235,32,22,2,red
151,33,183,3,violet
251,203,28,0,yellow
22,194,12,5,green
229,228,243,6,white
254,100,3,1,orange
189,33,30,2,red
15,19,10,7,black
239,218,11,0,yellow
0,163,55,5,green
230,0,7,2,red
231,0,0,2,red
32,203,55,5,green
21,167,18,5,green
236,201,10,0,yellow
235,237,25,0,yellow
126,13,198,3,violet
210,134,22,1,orange
243,115,35,1,orange
24,35,10,7,black
34,36,3,7,black
246,108,0,1,orange
206,127,9,1,orange
40,199,55,5,green
115,1,218,3,violet
135,0,196,3,violet
255,204,3,0,yellow
124,42,175,3,violet
186,1,19,2,red
216,92,15,1,orange
208,110,26,1,orange
109,28,221,3,violet
219,228,221,6,white
212,27,4,2,red
237,211,212,6,white
13,2,4,7,black
211,216,218,6,white
228,0,0,2,red
32,166,18,5,green
0,52,212,4,blue
0,167,16,5,green
254,108,22,1,orange
219,11,19,2,red
140,0,187,3,violet
24,22,17,7,black
112,9,188,3,violet
131,0,196,3,violet
5,31,12,7,black
142,36,177,3,violet
228,232,242,6,white
36,202,22,5,green
217,197,0,0,yellow
27,24,20,7,black
206,11,33,2,red
129,33,197,3,violet
214,39,30,2,red
242,241,32,0,yellow
26,203,23,5,green
148,16,202,3,violet
137,39,182,3,violet
238,128,18,1,orange
29,79,230,4,blue
232,205,45,0,yellow
133,9,191,3,violet
8,4,2,7,black
3,10,23,7,black
238,209,3,0,yellow
223,234,232,6,white
212,211,220,6,white
0,82,219,4,blue
22,18,38,7,black
255,201,44,0,yellow
142,0,220,3,violet
185,26,21,2,red
252,120,5,1,orange
227,85,21,1,orange
12,14,14,7,black
18,191,28,5,green
6,43,211,4,blue
235,121,33,1,orange
143,41,210,3,violet
216,218,226,6,white
239,129,37,1,orange
17,6,9,7,black
234,236,39,0,yellow
212,226,234,6,white
225,236,224,6,white
241,215,248,6,white
220,212,23,0,yellow
24,184,20,5,green
229,99,23,1,orange
34,170,20,5,green
218,200,35,0,yellow
211,231,224,6,white
0,177,19,5,green
192,0,9,2,red
116,23,197,3,violet
223,195,17,0,yellow
250,130,31,1,orange
10,36,5,7,black
153,30,182,3,violet
186,24,10,2,red
13,48,203,4,blue
237,216,30,0,yellow
196,21,34,2,red
230,0,0,2,red
229,203,42,0,yellow
126,8,204,3,violet
26,6,11,7,black
233,124,0,1,orange
245,230,28,0,yellow
137,34,222,3,violet
40,189,19,5,green
226,113,0,1,orange
14,20,19,7,black
223,230,245,6,white
10,35,11,7,black
18,171,17,5,green
25,47,209,4,blue
245,208,20,0,yellow
251,225,10,0,yellow
26,36,210,4,blue
229,96,13,1,orange
13,76,215,4,blue
0,55,223,4,blue
224,11,24,2,red
36,28,36,7,black
204,36,39,2,red
186,29,13,2,red
214,87,29,1,orange
245,121,0,1,orange
254,195,0,0,yellow
226,212,24,0,yellow
15,156,55,5,green
249,231,211,6,white
218,213,224,6,white
38,4,28,7,black
223,217,210,6,white
211,115,0,1,orange
109,16,187,3,violet
27,21,21,7,black
15,25,5,7,black
147,36,184,3,violet
6,31,18,7,black
28,25,23,7,black
255,125,21,1,orange
135,10,196,3,violet
15,184,19,5,green
17,170,22,5,green
24,158,46,5,green
216,0,14,2,red
235,122,25,1,orange
30,36,194,4,blue
225,223,21,0,yellow
217,229,225,6,white
234,210,0,0,yellow
224,5,22,2,red
242,220,221,6,white
215,123,17,1,orange
254,98,18,1,orange
32,38,200,4,blue
251,129,8,1,orange
155,8,190,3,violet
24,65,203,4,blue
8,10,7,7,black
148,36,222,3,violet
246,249,227,6,white
198,0,30,2,red
5,187,10,5,green
239,110,0,1,orange
225,12,17,2,red
198,11,21,2,red
250,120,34,1,orange
244,235,238,6,white
41,176,22,5,green
234,130,3,1,orange
116,20,197,3,violet
118,34,207,3,violet
228,244,211,6,white
35,43,217,4,blue
232,235,227,6,white
222,201,42,0,yellow
211,89,11,1,orange
13,3,11,7,black
17,25,14,7,black
131,44,195,3,violet
30,22,38,7,black
111,40,209,3,violet
30,190,45,5,green
188,2,0,2,red
245,210,243,6,white
0,38,202,4,blue
243,231,230,6,white
230,112,20,1,orange
1,56,214,4,blue
18,52,208,4,blue
212,214,227,6,white
217,0,15,2,red
28,45,219,4,blue
0,188,8,5,green
226,31,40,2,red
11,76,186,4,blue
255,211,24,0,yellow
202,29,30,2,red
241,244,246,6,white
227,11,40,2,red
6,203,29,5,green
9,81,185,4,blue
13,12,3,7,black
142,31,211,3,violet
231,17,36,2,red
235,228,242,6,white
216,225,237,6,white
18,181,47,5,green
209,18,19,2,red
231,197,43,0,yellow
232,0,0,2,red
123,37,179,3,violet
17,28,13,7,black
9,2,23,7,black
14,40,234,4,blue
247,125,36,1,orange
243,214,249,6,white
223,90,3,1,orange
237,109,16,1,orange
226,243,236,6,white
16,61,217,4,blue
145,5,176,3,violet
44,201,31,5,green
14,6,9,7,black
126,42,200,3,violet
234,195,40,0,yellow
3,74,223,4,blue
135,20,198,3,violet
0,54,225,4,blue
241,250,241,6,white
235,34,5,2,red
244,195,41,0,yellow
217,231,249,6,white
235,102,13,1,orange
0,49,225,4,blue
238,197,20,0,yellow
33,80,207,4,blue
44,156,42,5,green
201,11,29,2,red
22,171,36,5,green
22,198,24,5,green
234,11,12,2,red
3,36,2,7,black
243,87,40,1,orange
32,41,222,4,blue
2,61,229,4,blue
18,26,16,7,black
214,96,0,1,orange
229,85,35,1,orange
24,24,17,7,black
248,243,222,6,white
38,186,44,5,green
118,30,178,3,violet
243,125,0,1,orange
17,48,224,4,blue
129,44,219,3,violet
224,7,0,2,red
233,89,30,1,orange
31,184,44,5,green
123,4,222,3,violet
31,60,193,4,blue
15,9,2,7,black
37,29,29,7,black
4,70,189,4,blue
249,224,21,0,yellow
32,174,37,5,green
211,112,0,1,orange
232,32,32,2,red
37,22,19,7,black
7,204,41,5,green
5,8,34,7,black
223,199,23,0,yellow
245,111,14,1,orange
17,31,11,7,black
7,188,37,5,green
16,27,11,7,black
217,0,1,2,red
237,229,16,0,yellow
32,10,10,7,black
255,218,23,0,yellow
192,4,17,2,red
214,0,0,2,red
207,127,3,1,orange
4,161,48,5,green
213,23,32,2,red
229,236,0,0,yellow
245,210,38,0,yellow
2,156,13,5,green
25,27,37,7,black
216,105,30,1,orange
2,5,3,7,black
212,8,29,2,red
252,122,34,1,orange
215,29,0,2,red
239,248,212,6,white
20,42,202,4,blue
215,243,226,6,white
35,161,54,5,green
213,134,39,1,orange
17,40,199,4,blue
3,59,222,4,blue
25,19,10,7,black
254,216,0,0,yellow
14,3,31,7,black
36,18,27,7,black
137,29,217,3,violet
29,8,9,7,black
140,6,177,3,violet
28,180,35,5,green
220,233,228,6,white
16,36,4,7,black
212,95,18,1,orange
243,224,38,0,yellow
127,2,178,3,violet
223,0,23,2,red
143,16,176,3,violet
7,204,30,5,green
39,72,194,4,blue
12,38,15,7,black
227,118,23,1,orange
222,8,16,2,red
114,15,225,3,violet
214,21,21,2,red
113,31,183,3,violet
240,122,34,1,orange
127,7,180,3,violet
43,157,46,5,green
213,113,0,1,orange
151,7,205,3,violet
134,34,206,3,violet
231,244,11,0,yellow
237,85,32,1,orange
16,157,22,5,green
240,233,0,0,yellow
150,26,215,3,violet
113,14,211,3,violet
211,99,0,1,orange
244,110,27,1,orange
16,63,205,4,blue
255,220,18,0,yellow
44,201,55,5,green
222,9,21,2,red
110,28,187,3,violet
235,116,0,1,orange
1,63,214,4,blue
250,196,19,0,yellow
8,167,24,5,green
235,221,250,6,white
6,6,36,7,black
26,83,199,4,blue
206,96,2,1,orange
143,9,197,3,violet
218,232,25,0,yellow
230,203,45,0,yellow
214,213,217,6,white
190,20,36,2,red
125,30,179,3,violet
4,56,225,4,blue
36,13,19,7,black
30,35,20,7,black
37,30,21,7,black
232,208,43,0,yellow
247,116,0,1,orange
23,20,25,7,black
18,17,36,7,black
223,97,0,1,orange
228,127,31,1,orange
210,242,237,6,white
224,210,28,0,yellow
245,119,34,1,orange
10,205,16,5,green
29,84,210,4,blue
5,166,30,5,green
229,14,0,2,red
110,2,181,3,violet
29,58,221,4,blue
12,17,3,7,black
218,31,11,2,red
245,242,219,6,white
121,19,204,3,violet
245,239,232,6,white
8,51,223,4,blue
212,87,19,1,orange
255,225,23,0,yellow
210,9,39,2,red
21,7,22,7,black
213,19,0,2,red
227,230,226,6,white
233,123,20,1,orange
17,24,22,7,black
229,115,19,1,orange
37,173,28,5,green
26,62,228,4,blue
233,234,211,6,white
230,241,222,6,white
0,70,209,4,blue
223,221,244,6,white
234,209,7,0,yellow
7,44,231,4,blue
233,222,5,0,yellow
225,123,14,1,orange
26,22,18,7,black
37,72,235,4,blue
217,126,23,1,orange
108,7,190,3,violet
216,39,25,2,red
221,231,233,6,white
248,112,1,1,orange
26,27,20,7,black
209,36,1,2,red
217,236,226,6,white
241,241,235,6,white
243,118,11,1,orange
6,199,46,5,green
12,15,25,7,black
239,236,244,6,white
18,184,40,5,green
32,13,34,7,black
4,63,230,4,blue
22,54,210,4,blue
16,41,216,4,blue
26,62,231,4,blue
132,0,190,3,violet
228,105,17,1,orange
245,196,42,0,yellow
27,188,16,5,green
24,193,51,5,green
218,214,213,6,white
233,7,34,2,red
204,1,0,2,red
187,0,33,2,red
220,135,4,1,orange
35,169,41,5,green
43,170,53,5,green
239,204,38,0,yellow
237,209,35,0,yellow
194,10,19,2,red
230,24,33,2,red
30,184,47,5,green
20,5,25,7,black
209,121,13,1,orange
226,207,8,0,yellow
223,242,21,0,yellow
219,11,24,2,red
207,10,36,2,red
224,105,0,1,orange
239,233,24,0,yellow
221,127,8,1,orange
217,242,246,6,white
187,26,31,2,red
228,85,10,1,orange
235,0,0,2,red
207,99,23,1,orange
224,100,0,1,orange
213,127,31,1,orange
14,75,222,4,blue
238,205,33,0,yellow
2,71,203,4,blue
22,82,230,4,blue
17,32,18,7,black
198,29,16,2,red
239,244,215,6,white
9,38,25,7,black
221,97,0,1,orange
218,29,0,2,red
212,214,235,6,white
150,0,208,3,violet
255,221,13,0,yellow
17,25,18,7,black
15,5,19,7,black
241,94,26,1,orange
37,11,19,7,black
0,60,224,4,blue
206,105,6,1,orange
37,50,193,4,blue
216,224,242,6,white
8,181,36,5,green
1,201,10,5,green
35,2,25,7,black
34,41,214,4,blue
225,195,21,0,yellow
236,94,11,1,orange
227,224,17,0,yellow
26,23,21,7,black
226,216,219,6,white
210,4,29,2,red
6,78,187,4,blue
237,214,248,6,white
28,13,20,7,black
251,207,40,0,yellow
32,16,7,7,black
106,0,196,3,violet
0,72,204,4,blue
37,60,185,4,blue
249,200,32,0,yellow
27,25,16,7,black
122,26,205,3,violet
251,207,11,0,yellow
123,39,222,3,violet
10,77,192,4,blue
11,203,31,5,green
216,219,245,6,white
0,158,33,5,green
229,35,23,2,red
5,52,190,4,blue
26,6,4,7,black
219,114,11,1,orange
216,21,4,2,red
233,0,0,2,red
6,191,5,5,green
0,63,212,4,blue
224,96,21,1,orange
149,20,221,3,violet
209,87,8,1,orange
213,21,22,2,red
14,180,45,5,green
119,0,192,3,violet
143,28,223,3,violet
28,14,14,7,black
44,158,35,5,green
128,0,223,3,violet
247,214,250,6,white
227,234,11,0,yellow
144,41,202,3,violet
229,226,247,6,white
223,247,215,6,white
215,35,13,2,red
248,236,23,0,yellow
43,188,21,5,green
199,9,0,2,red
10,2,4,7,black
128,14,198,3,violet
255,228,9,0,yellow
5,56,200,4,blue
221,96,0,1,orange
255,223,0,0,yellow
0,83,210,4,blue
214,215,228,6,white
0,66,191,4,blue
8,10,22,7,black
249,132,10,1,orange
23,156,36,5,green
114,40,188,3,violet
215,126,29,1,orange
217,131,27,1,orange
21,79,235,4,blue
37,22,11,7,black
210,91,0,1,orange
22,83,192,4,blue
34,4,36,7,black
218,213,26,0,yellow
211,23,21,2,red
26,18,13,7,black
219,213,233,6,white
3,194,44,5,green
2,157,29,5,green
45,181,21,5,green
196,32,12,2,red
229,132,36,1,orange
34,24,6,7,black
220,20,29,2,red
37,18,33,7,black
210,240,221,6,white
112,3,221,3,violet
28,22,15,7,black
220,236,22,0,yellow
37,24,12,7,black
215,119,4,1,orange
19,61,211,4,blue
231,203,10,0,yellow
2,5,2,7,black
210,89,6,1,orange
114,23,197,3,violet
132,43,184,3,violet
230,212,231,6,white
221,21,23,2,red
0,77,204,4,blue
227,110,22,1,orange
119,41,196,3,violet
249,223,243,6,white
218,232,25,0,yellow
218,111,31,1,orange
27,58,228,4,blue
123,40,203,3,violet
211,0,11,2,red
221,0,28,2,red
227,107,0,1,orange
12,8,2,7,black
248,231,249,6,white
213,126,1,1,orange
211,109,32,1,orange
209,131,36,1,orange
0,72,209,4,blue
214,15,27,2,red
235,208,24,0,yellow
229,199,0,0,yellow
223,246,215,6,white
215,0,31,2,red
233,209,20,0,yellow
213,213,239,6,white
12,28,4,7,black
253,97,0,1,orange
129,6,224,3,violet
255,235,34,0,yellow
211,231,225,6,white
255,121,25,1,orange
250,240,22,0,yellow
231,230,247,6,white
128,41,211,3,violet
141,8,186,3,violet
241,217,37,0,yellow
215,214,13,0,yellow
32,74,213,4,blue
119,9,221,3,violet
241,206,7,0,yellow
235,231,22,0,yellow
37,85,200,4,blue
210,39,0,2,red
12,22,28,7,black
33,164,44,5,green
246,111,22,1,orange
197,0,0,2,red
255,216,12,0,yellow
255,245,24,0,yellow
40,50,191,4,blue
217,225,236,6,white
33,57,219,4,blue
114,13,203,3,violet
250,219,238,6,white
229,250,249,6,white
8,18,24,7,black
225,128,0,1,orange
211,135,8,1,orange
237,212,243,6,white
1,37,211,4,blue
226,91,38,1,orange
255,227,33,0,yellow
22,62,203,4,blue
143,31,200,3,violet
224,214,5,0,yellow
35,31,34,7,black
109,16,202,3,violet
27,25,25,7,black
37,16,30,7,black
0,42,216,4,blue
34,43,231,4,blue
151,9,178,3,violet
23,66,197,4,blue
196,18,29,2,red
22,13,19,7,black
255,208,21,0,yellow
144,36,197,3,violet
2,42,189,4,blue
40,187,45,5,green
208,112,32,1,orange
228,9,17,2,red
222,227,240,6,white
224,209,24,0,yellow
206,134,7,1,orange
126,45,180,3,violet
235,240,15,0,yellow
18,25,37,7,black
4,34,20,7,black
34,80,201,4,blue
106,6,187,3,violet
10,83,210,4,blue
7,25,27,7,black
32,30,26,7,black
225,233,213,6,white
114,19,202,3,violet
255,222,26,0,yellow
222,221,236,6,white
245,224,8,0,yellow
223,222,27,0,yellow
105,17,221,3,violet
220,116,14,1,orange
20,161,27,5,green
219,102,26,1,orange
242,99,25,1,orange
10,2,30,7,black
255,243,41,0,yellow
220,88,37,1,orange
245,103,25,1,orange
1,202,18,5,green
132,25,217,3,violet
215,132,5,1,orange
249,239,232,6,white
142,3,222,3,violet
218,97,3,1,orange
128,40,224,3,violet
224,132,18,1,orange
208,135,40,1,orange
214,218,222,6,white
17,48,194,4,blue
219,211,230,6,white
243,235,239,6,white
215,109,30,1,orange
255,195,43,0,yellow
40,176,13,5,green
19,5,4,7,black
247,230,37,0,yellow
146,15,175,3,violet
234,105,16,1,orange
226,28,0,2,red
195,0,7,2,red
205,28,28,2,red
0,175,42,5,green
34,62,207,4,blue
117,39,210,3,violet
0,84,216,4,blue
28,47,189,4,blue
143,10,179,3,violet
224,220,234,6,white
243,217,32,0,yellow
116,40,183,3,violet
149,24,213,3,violet
219,1,0,2,red
225,229,237,6,white
3,164,35,5,green
0,188,7,5,green
210,93,29,1,orange
187,11,0,2,red
5,35,5,7,black
212,224,225,6,white
218,5,5,2,red
11,12,11,7,black
130,39,194,3,violet
3,83,220,4,blue
3,25,38,7,black
250,238,19,0,yellow
221,224,236,6,white
118,9,187,3,violet
31,64,209,4,blue
230,114,7,1,orange
126,44,192,3,violet
209,118,26,1,orange
233,217,216,6,white
35,65,207,4,blue
214,217,240,6,white
22,55,233,4,blue
20,167,10,5,green
228,222,45,0,yellow
231,238,220,6,white
233,0,16,2,red
255,198,2,0,yellow
12,3,35,7,black
4,38,35,7,black
219,217,233,6,white
150,22,201,3,violet
217,227,233,6,white
207,8,19,2,red
17,168,30,5,green
244,213,38,0,yellow
231,119,33,1,orange
245,117,0,1,orange
32,4,32,7,black
37,52,190,4,blue
115,0,214,3,violet
36,20,29,7,black
34,35,230,4,blue
209,0,25,2,red
235,227,225,6,white
224,240,8,0,yellow
21,181,34,5,green
4,159,48,5,green
112,0,178,3,violet
255,227,12,0,yellow
20,82,226,4,blue
138,17,219,3,violet
238,230,212,6,white
34,74,191,4,blue
18,164,25,5,green
145,39,218,3,violet
15,60,210,4,blue
244,100,0,1,orange
233,103,34,1,orange
5,70,210,4,blue
22,29,18,7,black
223,103,26,1,orange
2,169,53,5,green
128,28,219,3,violet
155,29,210,3,violet
144,35,194,3,violet
6,43,229,4,blue
32,186,5,5,green
240,112,27,1,orange
222,23,4,2,red
211,87,0,1,orange
14,11,34,7,black
34,19,10,7,black
255,218,27,0,yellow
110,5,211,3,violet
226,92,17,1,orange
211,101,29,1,orange
39,157,18,5,green
113,2,187,3,violet
31,29,17,7,black
130,42,198,3,violet
236,196,32,0,yellow
237,92,26,1,orange
213,12,10,2,red
110,13,216,3,violet
136,8,221,3,violet
129,32,194,3,violet
249,209,36,0,yellow
24,10,22,7,black
224,210,222,6,white
34,35,21,7,black
16,51,197,4,blue
228,120,31,1,orange
116,43,187,3,violet
245,123,0,1,orange
151,45,192,3,violet
0,78,188,4,blue
21,199,5,5,green
153,27,199,3,violet
212,226,240,6,white
230,225,229,6,white
6,11,9,7,black
194,21,0,2,red
215,88,0,1,orange
0,59,209,4,blue
236,86,14,1,orange
255,198,8,0,yellow
22,6,26,7,black
254,105,7,1,orange
17,185,50,5,green
112,0,196,3,violet
10,204,10,5,green
214,16,0,2,red
235,228,225,6,white
1,64,212,4,blue
235,7,6,2,red
243,249,234,6,white
216,233,37,0,yellow
213,220,247,6,white
203,32,0,2,red
134,14,185,3,violet
230,122,0,1,orange
246,221,247,6,white
251,228,15,0,yellow
12,16,37,7,black
221,119,24,1,orange
203,6,2,2,red
209,39,0,2,red
137,6,190,3,violet
218,199,37,0,yellow
209,135,22,1,orange
236,202,24,0,yellow
13,175,41,5,green
44,166,36,5,green
23,13,36,7,black
207,99,38,1,orange
230,243,219,6,white
9,168,54,5,green
0,71,228,4,blue
128,2,196,3,violet
24,27,8,7,black
219,236,240,6,white
193,0,36,2,red
225,238,227,6,white
25,38,23,7,black
9,11,4,7,black
209,95,17,1,orange
124,24,216,3,violet
0,70,235,4,blue
231,212,248,6,white
245,213,42,0,yellow
222,88,22,1,orange
125,4,193,3,violet
227,240,39,0,yellow
246,196,18,0,yellow
36,17,36,7,black
230,218,1,0,yellow
187,0,1,2,red
255,224,40,0,yellow
241,93,26,1,orange
138,26,179,3,violet
115,0,210,3,violet
212,229,236,6,white
134,41,204,3,violet
204,9,22,2,red
228,230,221,6,white
152,39,203,3,violet
37,22,12,7,black
238,223,224,6,white
238,232,242,6,white
109,9,181,3,violet
214,10,25,2,red
233,250,229,6,white
222,15,30,2,red
240,130,37,1,orange
242,212,0,0,yellow
133,14,211,3,violet
245,247,227,6,white
211,96,31,1,orange
219,93,2,1,orange
129,0,196,3,violet
31,45,194,4,blue
235,246,245,6,white
0,190,33,5,green
243,235,243,6,white
27,14,2,7,black
9,192,48,5,green
250,243,218,6,white
137,1,185,3,violet
210,120,19,1,orange
30,37,8,7,black
191,34,33,2,red
230,26,38,2,red
4,29,18,7,black
23,82,223,4,blue
3,7,31,7,black
18,37,199,4,blue
244,245,228,6,white
133,39,202,3,violet
14,10,12,7,black
241,125,0,1,orange
246,96,25,1,orange
219,210,44,0,yellow
211,234,219,6,white
187,13,13,2,red
0,44,221,4,blue
145,31,224,3,violet
255,211,13,0,yellow
249,212,250,6,white
0,71,209,4,blue
252,126,38,1,orange
245,228,24,0,yellow
33,12,3,7,black
241,247,223,6,white
248,233,246,6,white
195,32,0,2,red
203,20,8,2,red
0,43,185,4,blue
218,32,0,2,red
121,38,202,3,violet
192,23,0,2,red
213,102,9,1,orange
32,25,17,7,black
141,45,177,3,violet
212,244,221,6,white
8,77,216,4,blue
226,228,212,6,white
248,220,210,6,white
31,80,235,4,blue
22,41,217,4,blue
254,97,36,1,orange
249,250,240,6,white
38,35,31,7,black
109,18,177,3,violet
15,40,204,4,blue
229,28,26,2,red
236,215,241,6,white
38,23,21,7,black
220,216,215,6,white
247,211,3,0,yellow
185,16,0,2,red
220,209,1,0,yellow
255,199,17,0,yellow
216,211,8,0,yellow
0,74,201,4,blue
224,31,0,2,red
212,127,4,1,orange
193,11,5,2,red
25,18,34,7,black
0,168,41,5,green
10,32,8,7,black
23,157,20,5,green
239,121,1,1,orange
218,0,18,2,red
226,225,234,6,white
0,182,55,5,green
122,21,209,3,violet
235,0,10,2,red
15,177,17,5,green
131,0,194,3,violet
0,37,232,4,blue
35,36,14,7,black
18,21,4,7,black
247,224,238,6,white
18,30,17,7,black
41,158,52,5,green
105,38,207,3,violet
151,1,184,3,violet
252,230,30,0,yellow
149,38,200,3,violet
219,230,29,0,yellow
212,100,21,1,orange
220,233,0,0,yellow
219,134,27,1,orange
36,3,38,7,black
199,0,2,2,red
240,202,31,0,yellow
232,244,219,6,white
224,205,43,0,yellow
233,238,211,6,white
217,213,216,6,white
4,57,225,4,blue
109,29,199,3,violet
211,244,227,6,white
37,22,11,7,black
203,21,0,2,red
230,209,0,0,yellow
215,228,29,0,yellow
216,135,6,1,orange
252,208,9,0,yellow
13,46,220,4,blue
191,18,1,2,red
5,9,9,7,black
6,5,23,7,black
206,2,35,2,red
220,104,0,1,orange
22,81,222,4,blue
233,109,15,1,orange
34,6,27,7,black
0,51,204,4,blue
33,173,29,5,green
255,241,39,0,yellow
31,167,51,5,green
232,239,234,6,white
11,183,32,5,green
253,135,0,1,orange
245,222,221,6,white
186,3,26,2,red
238,100,16,1,orange
229,237,226,6,white
10,20,23,7,black
214,227,221,6,white
23,31,23,7,black
42,161,50,5,green
228,210,232,6,white
255,214,39,0,yellow
212,3,12,2,red
236,98,34,1,orange
247,107,18,1,orange
255,207,40,0,yellow
128,3,207,3,violet
235,244,44,0,yellow
255,234,34,0,yellow
152,26,175,3,violet
251,98,30,1,orange
238,224,237,6,white
217,7,16,2,red
107,19,195,3,violet
242,218,229,6,white
231,234,25,0,yellow
246,213,210,6,white
236,238,29,0,yellow
235,0,21,2,red
30,29,27,7,black
234,85,17,1,orange
30,5,18,7,black
240,214,232,6,white
4,196,30,5,green
37,37,7,7,black
222,211,227,6,white
7,84,191,4,blue
205,36,0,2,red
255,244,3,0,yellow
10,193,38,5,green
40,183,48,5,green
118,21,194,3,violet
232,204,3,0,yellow
223,33,10,2,red
17,189,8,5,green
29,166,46,5,green
151,7,190,3,violet
243,226,247,6,white
155,19,205,3,violet
242,203,0,0,yellow
140,11,191,3,violet
39,196,40,5,green
120,37,195,3,violet
215,0,11,2,red
138,31,225,3,violet
226,226,246,6,white
233,13,35,2,red
40,47,190,4,blue
106,45,209,3,violet
236,239,248,6,white
30,191,17,5,green
29,77,215,4,blue
34,38,8,7,black
244,217,245,6,white
246,215,6,0,yellow
20,68,227,4,blue
150,14,210,3,violet
247,215,0,0,yellow
250,237,235,6,white
227,98,1,1,orange
224,128,0,1,orange
140,32,218,3,violet
22,9,31,7,black
229,109,16,1,orange
236,111,35,1,orange
231,220,243,6,white
215,239,212,6,white
230,86,4,1,orange
223,39,14,2,red
4,7,36,7,black
32,180,45,5,green
193,20,25,2,red
29,183,12,5,green
252,89,5,1,orange
255,215,0,0,yellow
255,229,33,0,yellow
23,38,35,7,black
31,34,34,7,black
145,41,200,3,violet
217,4,16,2,red
231,225,249,6,white
107,0,201,3,violet
18,34,3,7,black
16,25,15,7,black
43,191,7,5,green
34,159,38,5,green
247,228,5,0,yellow
23,59,217,4,blue
24,38,11,7,black
18,26,29,7,black
237,110,0,1,orange
255,212,44,0,yellow
240,214,24,0,yellow
31,23,11,7,black
28,60,215,4,blue
24,13,5,7,black
25,33,2,7,black
148,4,191,3,violet
222,241,7,0,yellow
11,16,16,7,black
245,237,236,6,white
227,0,22,2,red
137,41,222,3,violet
210,92,26,1,orange
8,42,185,4,blue
225,241,24,0,yellow
227,246,222,6,white
11,61,232,4,blue
121,8,175,3,violet
219,3,14,2,red
155,40,211,3,violet
18,183,23,5,green
0,54,213,4,blue
228,212,235,6,white
32,13,34,7,black
0,55,229,4,blue
31,191,28,5,green
229,94,25,1,orange
224,87,35,1,orange
254,104,10,1,orange
227,212,215,6,white
112,27,194,3,violet
38,181,38,5,green
247,239,232,6,white
223,240,16,0,yellow
30,73,187,4,blue
13,190,15,5,green
3,71,215,4,blue
230,204,36,0,yellow
125,21,200,3,violet
233,236,14,0,yellow
139,19,219,3,violet
255,231,14,0,yellow
2,36,37,7,black
226,115,19,1,orange
0,174,45,5,green
255,198,13,0,yellow
221,241,239,6,white
8,68,228,4,blue
113,1,195,3,violet
229,224,238,6,white
245,112,0,1,orange
113,33,210,3,violet
238,217,8,0,yellow
239,221,217,6,white
10,44,233,4,blue
155,25,176,3,violet
225,242,243,6,white
18,36,26,7,black
43,161,38,5,green
0,71,202,4,blue
12,47,206,4,blue
219,123,4,1,orange
149,4,209,3,violet
222,211,6,0,yellow
255,241,0,0,yellow
32,195,34,5,green
252,129,12,1,orange
37,54,229,4,blue
220,0,9,2,red
239,120,0,1,orange
218,11,0,2,red
125,35,219,3,violet
253,127,4,1,orange
237,199,20,0,yellow
247,224,12,0,yellow
1,203,19,5,green
253,222,8,0,yellow
217,19,32,2,red
38,29,35,7,black
224,24,26,2,red
5,77,226,4,blue
230,213,219,6,white
6,3,12,7,black
42,156,13,5,green
38,15,6,7,black
231,0,19,2,red
18,194,47,5,green
37,85,199,4,blue
255,218,18,0,yellow
204,0,12,2,red
0,75,209,4,blue
0,162,8,5,green
10,7,13,7,black
246,222,236,6,white
36,183,32,5,green
5,30,28,7,black
35,194,5,5,green
231,21,7,2,red
235,230,238,6,white
239,133,40,1,orange
36,29,4,7,black
114,45,212,3,violet
228,218,214,6,white
12,169,21,5,green
14,37,21,7,black
236,231,0,0,yellow
242,223,250,6,white
246,216,225,6,white
227,222,2,0,yellow
115,28,214,3,violet
20,51,226,4,blue
0,205,28,5,green
233,231,210,6,white
145,36,203,3,violet
250,215,241,6,white
24,60,230,4,blue
243,218,18,0,yellow
239,239,233,6,white
19,41,190,4,blue
37,201,33,5,green
212,245,246,6,white
247,230,1,0,yellow
255,129,0,1,orange
224,213,0,0,yellow
218,245,211,6,white
155,2,186,3,violet
196,17,28,2,red
252,120,30,1,orange
220,243,10,0,yellow
251,237,0,0,yellow
28,15,29,7,black
223,226,231,6,white
237,196,21,0,yellow
251,243,32,0,yellow
218,207,28,0,yellow
7,80,194,4,blue
7,178,47,5,green
15,47,223,4,blue
212,238,215,6,white
14,43,225,4,blue
12,38,5,7,black
0,41,220,4,blue
216,200,0,0,yellow
32,34,36,7,black
40,166,23,5,green
221,238,9,0,yellow
4,17,2,7,black
220,115,12,1,orange
239,231,17,0,yellow
244,215,7,0,yellow
132,21,180,3,violet
14,42,197,4,blue
23,3,4,7,black
20,167,18,5,green
19,201,25,5,green
16,167,6,5,green
226,240,23,0,yellow
246,104,0,1,orange
15,84,212,4,blue
231,120,40,1,orange
244,230,236,6,white
232,235,39,0,yellow
126,9,201,3,violet
7,68,223,4,blue
211,242,242,6,white
15,187,39,5,green
12,28,9,7,black
255,204,26,0,yellow
150,33,188,3,violet
0,166,17,5,green
215,230,5,0,yellow
5,26,25,7,black
27,26,25,7,black
216,2,0,2,red
222,125,10,1,orange
21,190,9,5,green
212,214,215,6,white
36,17,24,7,black
199,35,8,2,red
249,230,228,6,white
36,181,30,5,green
224,111,32,1,orange
206,15,26,2,red
130,26,207,3,violet
34,10,2,7,black
226,222,227,6,white
230,108,33,1,orange
222,244,13,0,yellow
238,108,0,1,orange
252,222,14,0,yellow
255,217,40,0,yellow
213,214,234,6,white
243,197,3,0,yellow
211,246,231,6,white
208,0,18,2,red
233,233,8,0,yellow
12,14,26,7,black
19,18,18,7,black
198,37,24,2,red
16,30,31,7,black
145,1,176,3,violet
247,202,19,0,yellow
32,35,188,4,blue
129,0,186,3,violet
239,243,239,6,white
26,24,24,7,black
10,22,29,7,black
0,84,205,4,blue
31,50,192,4,blue
255,218,29,0,yellow
20,189,8,5,green
214,121,27,1,orange
15,38,21,7,black
31,64,211,4,blue
30,27,15,7,black
35,38,9,7,black
29,44,205,4,blue
213,0,0,2,red
234,244,239,6,white
20,66,223,4,blue
6,189,18,5,green
213,11,34,2,red
244,89,2,1,orange
191,33,18,2,red
207,93,26,1,orange
130,34,186,3,violet
0,194,35,5,green
13,5,20,7,black
220,230,13,0,yellow
4,26,11,7,black
125,43,225,3,violet
218,118,28,1,orange
12,65,222,4,blue
243,238,31,0,yellow
12,2,36,7,black
7,35,195,4,blue
229,92,25,1,orange
225,215,231,6,white
9,70,235,4,blue
21,167,45,5,green
22,160,48,5,green
33,169,51,5,green
255,240,39,0,yellow
232,126,28,1,orange
244,245,250,6,white
251,223,24,0,yellow
248,218,232,6,white
17,202,25,5,green
204,35,10,2,red
224,219,216,6,white
214,37,27,2,red
15,178,7,5,green
12,201,51,5,green
106,37,203,3,violet
237,199,10,0,yellow
215,109,0,1,orange
220,211,216,6,white
1,64,185,4,blue
229,0,38,2,red
189,32,38,2,red
255,130,12,1,orange
189,21,33,2,red
218,222,236,6,white
216,215,236,6,white
17,70,213,4,blue
187,19,12,2,red
233,245,250,6,white
123,2,209,3,violet
27,21,9,7,black
245,218,221,6,white
219,9,0,2,red
255,234,5,0,yellow
216,92,0,1,orange
238,245,16,0,yellow
208,116,26,1,orange
17,27,10,7,black
138,21,225,3,violet
216,244,242,6,white
211,241,242,6,white
23,28,19,7,black
137,34,196,3,violet
13,186,6,5,green
190,0,28,2,red
31,30,28,7,black
192,0,28,2,red
243,129,37,1,orange
222,221,222,6,white
230,40,0,2,red
17,20,12,7,black
225,34,12,2,red
251,128,11,1,orange
209,135,40,1,orange
218,90,0,1,orange
232,29,0,2,red
116,29,192,3,violet
0,74,202,4,blue
32,81,232,4,blue
227,18,36,2,red
0,75,222,4,blue
241,235,237,6,white
253,236,38,0,yellow
129,8,200,3,violet
221,222,18,0,yellow
218,227,0,0,yellow
211,7,0,2,red
254,113,19,1,orange
34,179,6,5,green
234,245,23,0,yellow
4,54,216,4,blue
218,105,0,1,orange
36,205,33,5,green
235,235,15,0,yellow
230,243,210,6,white
137,9,176,3,violet
143,5,201,3,violet
227,0,0,2,red
31,188,20,5,green
214,225,244,6,white
200,23,24,2,red
213,245,221,6,white
22,17,28,7,black
0,53,201,4,blue
16,22,15,7,black
0,53,214,4,blue
234,235,216,6,white
143,40,179,3,violet
11,28,35,7,black
142,30,225,3,violet
19,2,5,7,black
36,165,38,5,green
26,24,29,7,black
246,242,22,0,yellow
224,32,34,2,red
246,91,33,1,orange
26,33,7,7,black
221,134,0,1,orange
149,0,182,3,violet
246,218,224,6,white
23,185,26,5,green
231,0,3,2,red
141,13,177,3,violet
224,233,249,6,white
42,191,6,5,green
133,10,200,3,violet
221,246,221,6,white
110,29,213,3,violet
30,75,234,4,blue
253,235,5,0,yellow
148,16,195,3,violet
153,33,212,3,violet
243,113,1,1,orange
9,199,19,5,green
119,9,191,3,violet
230,246,235,6,white
255,109,0,1,orange
10,186,17,5,green
238,235,231,6,white
222,207,45,0,yellow
212,247,215,6,white
187,0,0,2,red
229,93,16,1,orange
230,134,26,1,orange
16,52,204,4,blue
146,43,197,3,violet
33,64,190,4,blue
225,218,18,0,yellow
130,20,212,3,violet
17,38,200,4,blue
198,27,2,2,red
255,122,39,1,orange
192,9,18,2,red
237,134,16,1,orange
216,237,230,6,white
23,81,223,4,blue
201,6,1,2,red
0,174,54,5,green
237,120,3,1,orange
26,174,41,5,green
234,228,250,6,white
245,233,221,6,white
15,186,25,5,green
0,62,206,4,blue
214,0,5,2,red
222,238,29,0,yellow
247,93,28,1,orange
213,37,31,2,red
255,213,44,0,yellow
4,172,43,5,green
235,210,24,0,yellow
234,220,30,0,yellow
232,230,220,6,white
151,0,198,3,violet
224,0,11,2,red
42,159,25,5,green
213,217,248,6,white
217,105,22,1,orange
138,17,189,3,violet
107,10,221,3,violet
211,105,13,1,orange
28,34,18,7,black
245,94,28,1,orange
0,180,23,5,green
191,6,31,2,red
3,7,10,7,black
219,198,5,0,yellow
43,169,14,5,green
113,28,209,3,violet
228,9,15,2,red
194,18,0,2,red
233,236,235,6,white
4,4,3,7,black
13,205,47,5,green
30,32,18,7,black
248,248,216,6,white
222,243,230,6,white
208,133,25,1,orange
198,27,20,2,red
219,237,245,6,white
147,5,221,3,violet
134,19,217,3,violet
216,245,244,6,white
0,73,234,4,blue
255,225,21,0,yellow
136,14,190,3,violet
14,198,44,5,green
6,77,216,4,blue
20,21,30,7,black
26,12,31,7,black
4,189,44,5,green
255,228,26,0,yellow
216,128,39,1,orange
218,220,27,0,yellow
197,8,0,2,red
219,200,15,0,yellow
118,3,188,3,violet
13,196,24,5,green
24,3,24,7,black
217,218,221,6,white
31,38,199,4,blue
247,127,12,1,orange
14,21,14,7,black
251,88,0,1,orange
249,127,0,1,orange
23,31,27,7,black
248,246,235,6,white
15,10,19,7,black
28,165,50,5,green
220,218,9,0,yellow
243,199,40,0,yellow
253,219,4,0,yellow
126,19,220,3,violet
218,115,0,1,orange
0,43,222,4,blue
250,123,0,1,orange
0,58,231,4,blue
232,91,0,1,orange
220,236,37,0,yellow
246,197,3,0,yellow
217,240,22,0,yellow
106,24,208,3,violet
134,0,198,3,violet
198,31,0,2,red
219,210,35,0,yellow
254,119,24,1,orange
226,98,2,1,orange
0,81,198,4,blue
111,38,225,3,violet
238,228,27,0,yellow
232,222,26,0,yellow
16,13,6,7,black
218,240,3,0,yellow
110,20,219,3,violet
12,24,2,7,black
25,18,18,7,black
7,171,50,5,green
191,3,24,2,red
221,203,11,0,yellow
24,64,212,4,blue
208,39,21,2,red
195,35,19,2,red
12,156,50,5,green
222,218,228,6,white
230,130,0,1,orange
1,183,26,5,green
244,227,33,0,yellow
5,13,19,7,black
128,11,210,3,violet
29,175,15,5,green
245,217,30,0,yellow
0,81,195,4,blue
222,212,23,0,yellow
210,1,8,2,red
34,174,48,5,green
32,41,198,4,blue
241,125,7,1,orange
24,48,216,4,blue
236,211,211,6,white
255,224,0,0,yellow
13,164,52,5,green
249,123,0,1,orange
255,210,23,0,yellow
230,12,0,2,red
253,215,26,0,yellow
243,229,40,0,yellow
137,21,217,3,violet
208,16,30,2,red
247,86,20,1,orange
38,36,35,7,black
210,130,5,1,orange
219,4,0,2,red
149,16,212,3,violet
206,128,0,1,orange
31,176,45,5,green
216,17,0,2,red
31,2,9,7,black
218,213,243,6,white
213,119,2,1,orange
142,6,199,3,violet
254,116,25,1,orange
9,7,20,7,black
224,0,26,2,red
44,168,51,5,green
190,1,2,2,red
0,55,206,4,blue
243,209,21,0,yellow
13,2,7,7,black
0,44,214,4,blue
229,23,24,2,red
0,46,201,4,blue
229,236,0,0,yellow
249,107,0,1,orange
144,29,211,3,violet
38,38,2,7,black
239,124,0,1,orange
255,239,29,0,yellow
190,34,19,2,red
217,242,244,6,white
29,12,2,7,black
5,55,214,4,blue
132,42,190,3,violet
0,81,229,4,blue
213,132,15,1,orange
9,184,12,5,green
244,93,40,1,orange
32,25,26,7,black
245,89,21,1,orange
25,60,197,4,blue
27,204,17,5,green
244,199,2,0,yellow
21,22,21,7,black
26,75,214,4,blue
248,243,245,6,white
37,161,44,5,green
220,133,33,1,orange
238,226,247,6,white
231,208,37,0,yellow
5,193,33,5,green
36,196,29,5,green
4,31,6,7,black
234,20,0,2,red
241,107,24,1,orange
0,46,205,4,blue
251,213,39,0,yellow
237,244,0,0,yellow
255,236,4,0,yellow
18,181,20,5,green
209,86,27,1,orange
109,7,178,3,violet
147,42,204,3,violet
130,7,196,3,violet
21,25,20,7,black
188,16,9,2,red
12,199,29,5,green
5,28,33,7,black
16,14,9,7,black
200,13,18,2,red
217,11,32,2,red
0,68,232,4,blue
19,66,196,4,blue
30,84,197,4,blue
25,20,11,7,black
112,30,189,3,violet
191,37,0,2,red
149,18,219,3,violet
220,203,4,0,yellow
145,7,225,3,violet
116,0,198,3,violet
231,30,23,2,red
221,101,24,1,orange
222,237,212,6,white
193,0,34,2,red
225,100,11,1,orange
235,0,24,2,red
242,238,1,0,yellow
255,198,38,0,yellow
0,176,27,5,green
241,217,223,6,white
36,18,24,7,black
198,3,24,2,red
7,198,50,5,green
210,99,12,1,orange
250,204,12,0,yellow
249,112,36,1,orange
209,11,0,2,red
240,231,211,6,white
25,67,189,4,blue
216,238,218,6,white
248,133,0,1,orange
36,35,213,4,blue
230,0,25,2,red
232,0,5,2,red
19,184,28,5,green
117,0,194,3,violet
0,186,18,5,green
0,48,220,4,blue
23,40,223,4,blue
21,180,50,5,green
226,237,37,0,yellow
185,0,1,2,red
255,238,28,0,yellow
10,18,19,7,black
39,81,215,4,blue
246,239,26,0,yellow
17,17,18,7,black
221,216,40,0,yellow
146,32,179,3,violet
2,22,4,7,black
220,8,24,2,red
229,215,230,6,white
27,158,51,5,green
235,201,0,0,yellow
11,4,25,7,black
245,236,7,0,yellow
154,7,190,3,violet
231,4,24,2,red
205,125,0,1,orange
16,166,29,5,green
202,11,23,2,red
28,82,202,4,blue
24,47,195,4,blue
236,219,210,6,white
248,235,234,6,white
25,82,231,4,blue
19,6,6,7,black
237,241,45,0,yellow
241,200,9,0,yellow
249,243,39,0,yellow
220,0,0,2,red
112,30,197,3,violet
208,12,2,2,red
148,43,208,3,violet
117,25,181,3,violet
0,52,235,4,blue
13,26,9,7,black
6,32,15,7,black
18,36,29,7,black
33,8,13,7,black
253,225,27,0,yellow
13,3,21,7,black
241,220,223,6,white
0,44,223,4,blue
215,26,36,2,red
206,31,35,2,red
223,248,250,6,white
213,233,229,6,white
26,65,229,4,blue
220,241,26,0,yellow
123,8,186,3,violet
243,239,33,0,yellow
45,185,18,5,green
9,175,45,5,green
211,246,225,6,white
142,29,187,3,violet
17,199,10,5,green
1,81,234,4,blue
213,218,214,6,white
33,18,13,7,black
0,84,191,4,blue
32,175,5,5,green
36,39,205,4,blue
244,246,227,6,white
219,237,227,6,white
120,8,185,3,violet
16,7,6,7,black
221,126,10,1,orange
13,53,210,4,blue
12,167,54,5,green
222,126,0,1,orange
216,124,32,1,orange
234,217,224,6,white
234,117,13,1,orange
43,166,36,5,green
212,234,233,6,white
211,237,240,6,white
1,44,224,4,blue
129,28,222,3,violet
230,231,21,0,yellow
211,219,246,6,white
7,29,5,7,black
31,8,17,7,black
18,49,195,4,blue
235,222,33,0,yellow
255,234,18,0,yellow
216,229,226,6,white
133,43,181,3,violet
255,200,36,0,yellow
204,4,3,2,red
227,206,34,0,yellow
255,236,16,0,yellow
18,72,205,4,blue
241,227,237,6,white
244,222,240,6,white
26,75,220,4,blue
0,35,193,4,blue
15,36,192,4,blue
255,218,5,0,yellow
219,208,31,0,yellow
1,179,42,5,green
224,233,27,0,yellow
36,60,208,4,blue
232,121,13,1,orange
108,17,196,3,violet
140,24,175,3,violet
26,197,8,5,green
220,227,242,6,white
206,3,34,2,red
241,243,214,6,white
